Date,Price,Open,High,Low,Vol.,Change %
2017-12-01,36620.0,36847.0,37075.0,36392.0,2.66M,-0.41%
2017-12-04,37454.0,36772.0,37454.0,36620.0,2.48M,2.28%
2017-12-05,36468.0,37151.0,37909.0,36468.0,2.52M,-2.63%
2017-12-06,36392.0,36392.0,36620.0,35710.0,2.68M,-0.21%
2017-12-07,36089.0,36392.0,36392.0,35407.0,3.49M,-0.83%
2017-12-08,35672.0,36089.0,36089.0,35255.0,1.94M,-1.16%
2017-12-11,33815.0,34876.0,35558.0,33815.0,1.85M,-5.21%
2017-12-12,33891.0,34345.0,34421.0,31540.0,3.11M,0.22%
2017-12-13,33360.0,34118.0,34194.0,33132.0,1.50M,-1.57%
2017-12-14,34345.0,33360.0,34497.0,33284.0,2.76M,2.95%
2017-12-15,34876.0,34345.0,35255.0,34270.0,3.28M,1.55%
2017-12-18,36241.0,35634.0,36544.0,35331.0,3.00M,3.91%
2017-12-19,36203.0,36317.0,36734.0,35900.0,2.50M,-0.10%
2017-12-20,37151.0,36203.0,37416.0,35938.0,3.30M,2.62%
2017-12-21,36772.0,37151.0,37302.0,36772.0,1.97M,-1.02%
2017-12-22,38515.0,36544.0,38515.0,36430.0,5.69M,4.74%
2017-12-25,38970.0,38667.0,39198.0,38515.0,1.90M,1.18%
2017-12-26,38970.0,39046.0,39198.0,38288.0,2.17M,0.00%
2017-12-27,39804.0,38970.0,40032.0,38743.0,2.83M,2.14%
2017-12-28,41017.0,39804.0,41624.0,39804.0,2.96M,3.05%
2017-12-29,41169.0,40942.0,41700.0,40866.0,3.51M,0.37%
2018-01-02,41700.0,40942.0,42003.0,40638.0,3.57M,1.29%
2018-01-03,41624.0,42079.0,42230.0,41321.0,2.35M,-0.18%
2018-01-04,42003.0,41396.0,42003.0,41169.0,2.54M,0.91%
2018-01-05,40942.0,41776.0,41776.0,40866.0,2.61M,-2.53%
2018-01-08,42003.0,40942.0,42079.0,40183.0,2.64M,2.59%
2018-01-09,44353.0,42458.0,44353.0,41321.0,3.64M,5.59%
2018-01-10,43974.0,44202.0,44884.0,43444.0,3.63M,-0.85%
2018-01-11,44581.0,43595.0,44581.0,43368.0,2.25M,1.38%
2018-01-12,43974.0,44581.0,45036.0,43974.0,3.22M,-1.36%
2018-01-15,45491.0,43974.0,45491.0,43216.0,2.63M,3.45%
2018-01-16,45491.0,44960.0,45718.0,44581.0,2.83M,0.00%
2018-01-17,42610.0,45339.0,45415.0,42610.0,2.65M,-6.33%
2018-01-18,44353.0,42458.0,44353.0,42382.0,3.63M,4.09%
2018-01-19,46249.0,44429.0,46552.0,44202.0,3.83M,4.27%
2018-01-22,47993.0,47007.0,48068.0,46780.0,2.94M,3.77%
2018-01-25,51329.0,49661.0,51329.0,48372.0,6.11M,6.95%
2018-01-26,52390.0,52617.0,53072.0,50419.0,3.34M,2.07%
2018-01-29,51556.0,53072.0,54210.0,51404.0,2.91M,-1.59%
2018-01-30,50798.0,50419.0,51404.0,50191.0,3.60M,-1.47%
2018-01-31,50495.0,50798.0,52238.0,50191.0,2.47M,-0.60%
2018-02-01,50495.0,50343.0,51404.0,49888.0,2.76M,0.00%
2018-02-02,51101.0,51177.0,51177.0,50495.0,2.11M,1.20%
2018-02-05,47538.0,50040.0,50798.0,47538.0,3.43M,-6.97%
2018-02-06,47007.0,44278.0,47765.0,44278.0,8.58M,-1.12%
2018-02-07,48144.0,49281.0,49433.0,47614.0,2.09M,2.42%
2018-02-08,47689.0,47462.0,48144.0,46628.0,1.09M,-0.95%
2018-02-09,46173.0,44353.0,47234.0,44353.0,3.07M,-3.18%
2018-02-12,48144.0,47007.0,48144.0,46021.0,2.36M,4.27%
2018-02-13,48523.0,48751.0,49206.0,48220.0,1.95M,0.79%
2018-02-21,50191.0,49281.0,51480.0,48902.0,2.72M,3.44%
2018-02-22,50646.0,49736.0,51101.0,49585.0,3.00M,0.91%
2018-02-23,54134.0,50798.0,54134.0,50570.0,6.16M,6.89%
2018-02-26,54513.0,56333.0,56333.0,54134.0,4.41M,0.70%
2018-02-27,55499.0,55271.0,55726.0,54361.0,2.87M,1.81%
2018-02-28,55953.0,54665.0,56863.0,54589.0,4.43M,0.82%
2018-03-01,54210.0,55044.0,56560.0,53831.0,4.61M,-3.12%
2018-03-02,54437.0,53072.0,54589.0,53072.0,3.22M,0.42%
2018-03-05,51556.0,54589.0,54968.0,51556.0,3.72M,-5.29%
2018-03-06,53982.0,52314.0,54210.0,51329.0,3.96M,4.71%
2018-03-07,52769.0,54210.0,54513.0,51935.0,2.91M,-2.25%
2018-03-08,52693.0,52769.0,53376.0,52163.0,1.98M,-0.14%
2018-03-09,53831.0,53451.0,54210.0,52769.0,4.13M,2.16%
2018-03-12,54589.0,54589.0,55650.0,54210.0,3.70M,1.41%
2018-03-13,54589.0,54589.0,55044.0,53527.0,2.74M,0.00%
2018-03-14,55953.0,55044.0,56333.0,55044.0,5.17M,2.50%
2018-03-15,55953.0,55347.0,56484.0,55195.0,2.69M,0.00%
2018-03-16,56636.0,56484.0,57091.0,56181.0,6.80M,1.22%
2018-03-19,56333.0,57318.0,58001.0,55347.0,3.58M,-0.53%
2018-03-20,56105.0,55574.0,56787.0,55574.0,2.34M,-0.40%
2018-03-21,55726.0,56484.0,57015.0,55726.0,3.77M,-0.68%
2018-03-22,54589.0,56105.0,56105.0,54589.0,4.94M,-2.04%
2018-03-23,52997.0,51935.0,53603.0,51935.0,5.82M,-2.92%
2018-03-26,54513.0,53072.0,54513.0,52769.0,2.32M,2.86%
2018-03-27,53831.0,55195.0,55271.0,53527.0,2.96M,-1.25%
2018-03-28,53451.0,52997.0,54058.0,52921.0,2.10M,-0.71%
2018-03-29,53831.0,53679.0,54285.0,53148.0,1.86M,0.71%
2018-03-30,53451.0,53831.0,54134.0,53224.0,1.63M,-0.71%
2018-04-02,56105.0,53831.0,56105.0,53679.0,3.90M,4.97%
2018-04-03,56333.0,56105.0,57091.0,55726.0,4.47M,0.41%
2018-04-04,55726.0,56484.0,56712.0,55726.0,2.67M,-1.08%
2018-04-05,55726.0,55953.0,56105.0,55044.0,2.25M,0.00%
2018-04-06,55726.0,55802.0,56712.0,55650.0,2.99M,0.00%
2018-04-09,55953.0,55726.0,56333.0,55726.0,3.44M,0.41%
2018-04-10,56484.0,56484.0,57091.0,55802.0,6.41M,0.95%
2018-04-11,53982.0,56636.0,56712.0,53072.0,4.99M,-4.43%
2018-04-12,53755.0,53755.0,54210.0,53072.0,4.16M,-0.42%
2018-04-13,51480.0,54058.0,54134.0,51177.0,6.57M,-4.23%
2018-04-16,49964.0,50949.0,51253.0,49357.0,5.09M,-2.94%
2018-04-17,50798.0,50040.0,50798.0,49661.0,2.69M,1.67%
2018-04-18,49130.0,51404.0,51404.0,49130.0,2.56M,-3.28%
2018-04-19,46249.0,48827.0,48902.0,46249.0,6.26M,-5.86%
2018-04-20,48523.0,46400.0,48523.0,46021.0,3.82M,4.92%
2018-04-23,45187.0,48902.0,49130.0,45187.0,3.67M,-6.88%
2018-04-24,45491.0,44732.0,46021.0,43974.0,5.68M,0.67%
2018-04-26,44126.0,45491.0,46476.0,43974.0,5.96M,-3.00%
2018-04-27,45491.0,44126.0,45642.0,44050.0,3.75M,3.09%
2018-05-02,44126.0,45946.0,46249.0,43823.0,3.65M,-3.00%
2018-05-03,45187.0,44126.0,45263.0,43140.0,4.40M,2.40%
2018-05-04,44732.0,45642.0,46021.0,44657.0,4.13M,-1.01%
2018-05-07,47083.0,45339.0,47083.0,44960.0,4.48M,5.26%
2018-05-08,46249.0,46476.0,47159.0,46249.0,3.76M,-1.77%
2018-05-09,45112.0,46021.0,46249.0,45112.0,3.56M,-2.46%
2018-05-10,42837.0,45415.0,45642.0,42155.0,5.66M,-5.04%
2018-05-11,43898.0,42837.0,43974.0,41321.0,5.05M,2.48%
2018-05-14,44202.0,44126.0,44353.0,43140.0,1.94M,0.69%
2018-05-15,44505.0,44202.0,45339.0,44126.0,3.19M,0.69%
2018-05-16,43216.0,44353.0,44657.0,43216.0,3.02M,-2.90%
2018-05-17,43064.0,43216.0,43519.0,42610.0,2.65M,-0.35%
2018-05-18,42837.0,43140.0,43292.0,41548.0,3.11M,-0.53%
2018-05-21,42230.0,42837.0,43519.0,42230.0,2.34M,-1.42%
2018-05-22,40487.0,41624.0,42079.0,39425.0,4.13M,-4.13%
2018-05-23,41321.0,40183.0,41321.0,39425.0,2.61M,2.06%
2018-05-24,40411.0,41321.0,41548.0,40183.0,1.67M,-2.20%
2018-05-25,37909.0,40487.0,40714.0,37909.0,3.47M,-6.19%
2018-05-28,35483.0,37151.0,37606.0,35483.0,5.84M,-6.40%
2018-05-29,37909.0,36013.0,37909.0,35483.0,3.33M,6.84%
2018-05-30,39425.0,38667.0,40032.0,38288.0,5.66M,4.00%
2018-05-31,41017.0,39046.0,41321.0,38970.0,4.77M,4.04%
2018-06-01,43216.0,41017.0,43595.0,40866.0,7.57M,5.36%
2018-06-04,44960.0,42837.0,45187.0,42458.0,4.90M,4.04%
2018-06-05,44429.0,44429.0,45187.0,43747.0,4.51M,-1.18%
2018-06-06,44808.0,44050.0,45263.0,43671.0,2.79M,0.85%
2018-06-07,44505.0,44732.0,44960.0,44278.0,3.24M,-0.68%
2018-06-08,45263.0,44202.0,45794.0,44202.0,3.44M,1.70%
2018-06-11,44732.0,45036.0,45718.0,44353.0,3.13M,-1.17%
2018-06-12,43974.0,44353.0,44732.0,42837.0,3.86M,-1.69%
2018-06-13,45415.0,43671.0,45415.0,43671.0,2.62M,3.28%
2018-06-14,44050.0,45415.0,45415.0,43974.0,3.59M,-3.01%
2018-06-15,44732.0,43595.0,44732.0,43519.0,3.26M,1.55%
2018-06-18,42837.0,44657.0,44732.0,42458.0,3.14M,-4.24%
2018-06-19,42837.0,41321.0,42837.0,40942.0,6.57M,0.00%
2018-06-20,44050.0,43216.0,44505.0,42610.0,3.53M,2.83%
2018-06-21,43216.0,43974.0,44126.0,42761.0,2.09M,-1.89%
2018-06-22,44505.0,42534.0,44505.0,42079.0,3.23M,2.98%
2018-06-25,45036.0,45491.0,45642.0,44657.0,3.08M,1.19%
2018-06-26,44960.0,44353.0,45036.0,43974.0,1.72M,-0.17%
2018-06-27,43974.0,44732.0,45870.0,43974.0,3.32M,-2.19%
2018-06-28,43898.0,43216.0,44505.0,43216.0,2.70M,-0.17%
2018-06-29,43974.0,43898.0,44505.0,43064.0,1.84M,0.17%
2018-07-02,44050.0,43595.0,44278.0,42003.0,3.63M,0.17%
2018-07-03,42458.0,44202.0,44202.0,42458.0,4.28M,-3.61%
2018-07-04,42155.0,42610.0,42837.0,41472.0,3.13M,-0.71%
2018-07-05,39425.0,42003.0,42155.0,39425.0,3.66M,-6.48%
2018-07-06,41700.0,38743.0,42003.0,38288.0,4.39M,5.77%
2018-07-09,40942.0,41700.0,42761.0,40942.0,1.83M,-1.82%
2018-07-10,40259.0,42079.0,42079.0,40259.0,1.74M,-1.67%
2018-07-11,38819.0,39349.0,39804.0,37985.0,4.23M,-3.58%
2018-07-12,39728.0,38819.0,40638.0,38288.0,1.82M,2.34%
2018-07-13,41548.0,40411.0,41624.0,39425.0,2.18M,4.58%
2018-07-16,41624.0,41700.0,42079.0,41169.0,1.66M,0.18%
2018-07-17,42306.0,40942.0,42306.0,40942.0,2.03M,1.64%
2018-07-18,43595.0,42306.0,43595.0,42306.0,3.16M,3.05%
2018-07-19,43064.0,43747.0,43823.0,42989.0,2.17M,-1.22%
2018-07-20,43064.0,42837.0,43368.0,41776.0,2.81M,0.00%
2018-07-23,42913.0,43064.0,44278.0,42837.0,3.34M,-0.35%
2018-07-24,43216.0,43216.0,43519.0,42458.0,2.15M,0.71%
2018-07-25,41927.0,43444.0,43519.0,41927.0,1.61M,-2.98%
2018-07-26,42989.0,42003.0,42989.0,41321.0,2.69M,2.53%
2018-07-27,42837.0,42989.0,43444.0,42610.0,1.25M,-0.35%
2018-07-30,43444.0,43216.0,43519.0,42837.0,1.64M,1.42%
2018-07-31,44353.0,43292.0,44960.0,43064.0,4.39M,2.09%
2018-08-01,44429.0,44808.0,44884.0,44278.0,2.43M,0.17%
2018-08-02,44732.0,44126.0,44732.0,43747.0,2.37M,0.68%
2018-08-03,44353.0,45112.0,45263.0,44050.0,2.26M,-0.85%
2018-08-06,44732.0,44126.0,45187.0,44126.0,2.27M,0.85%
2018-08-07,46628.0,44581.0,46931.0,44429.0,7.00M,4.24%
2018-08-08,47083.0,46704.0,47310.0,46249.0,2.80M,0.98%
2018-08-09,46476.0,47083.0,47538.0,46476.0,3.20M,-1.29%
2018-08-10,48144.0,46249.0,48144.0,46249.0,4.91M,3.59%
2018-08-13,48372.0,47765.0,48372.0,47159.0,3.06M,0.47%
2018-08-14,47614.0,48372.0,48372.0,47538.0,1.63M,-1.57%
2018-08-15,45946.0,47917.0,48068.0,45870.0,4.13M,-3.50%
2018-08-16,45946.0,45491.0,46249.0,44657.0,4.37M,0.00%
2018-08-17,47007.0,46325.0,47689.0,46097.0,3.46M,2.31%
2018-08-20,46552.0,47007.0,47386.0,46552.0,2.04M,-0.97%
2018-08-21,47538.0,46249.0,47538.0,46249.0,2.20M,2.12%
2018-08-22,46931.0,47614.0,47765.0,46931.0,1.90M,-1.28%
2018-08-23,47462.0,47007.0,47614.0,46704.0,1.66M,1.13%
2018-08-24,47007.0,47462.0,47462.0,46855.0,2.27M,-0.96%
2018-08-27,47841.0,47386.0,48144.0,47310.0,2.30M,1.77%
2018-08-28,48523.0,48144.0,48751.0,47689.0,3.30M,1.43%
2018-08-29,47841.0,48447.0,48599.0,47841.0,1.43M,-1.41%
2018-08-30,48372.0,47841.0,48675.0,47310.0,1.71M,1.11%
2018-08-31,47386.0,48372.0,48523.0,47007.0,2.49M,-2.04%
2018-09-04,46249.0,47386.0,47462.0,46173.0,2.62M,-2.40%
2018-09-05,45946.0,46249.0,46855.0,45718.0,2.25M,-0.66%
2018-09-06,45718.0,45946.0,46249.0,45642.0,1.02M,-0.50%
2018-09-07,47007.0,45566.0,47159.0,45566.0,2.04M,2.82%
2018-09-10,47007.0,47007.0,47462.0,46325.0,1.92M,0.00%
2018-09-11,47765.0,46628.0,47841.0,46628.0,1.97M,1.61%
2018-09-12,47462.0,47917.0,48220.0,47386.0,2.03M,-0.63%
2018-09-13,47689.0,47614.0,48068.0,47462.0,1.37M,0.48%
2018-09-14,48523.0,47917.0,48827.0,47917.0,3.07M,1.75%
2018-09-17,47689.0,48523.0,48523.0,47689.0,1.29M,-1.72%
2018-09-18,47993.0,47386.0,47993.0,47234.0,1.37M,0.64%
2018-09-19,47993.0,48296.0,48296.0,47841.0,1.37M,0.00%
2018-09-20,48827.0,47993.0,48978.0,47993.0,2.18M,1.74%
2018-09-21,48978.0,49281.0,49812.0,48523.0,6.24M,0.31%
2018-09-24,49433.0,49661.0,49812.0,49130.0,1.40M,0.93%
2018-09-25,48827.0,49130.0,49433.0,48827.0,1.32M,-1.23%
2018-09-26,48372.0,48827.0,49206.0,48372.0,2.68M,-0.93%
2018-09-27,48068.0,48372.0,48675.0,47917.0,2.71M,-0.63%
2018-09-28,47765.0,48296.0,48523.0,47765.0,2.69M,-0.63%
2018-10-01,47386.0,48144.0,48144.0,47386.0,2.47M,-0.79%
2018-10-02,47765.0,47386.0,47841.0,47159.0,2.04M,0.80%
2018-10-03,47765.0,48068.0,48144.0,47386.0,1.32M,0.00%
2018-10-04,47765.0,47765.0,48523.0,47614.0,2.93M,0.00%
2018-10-05,47688.0,47995.0,48379.0,47688.0,2.08M,-0.16%
2018-10-08,47304.0,47612.0,47919.0,47304.0,1.72M,-0.81%
2018-10-09,47381.0,47458.0,47765.0,47304.0,1.11M,0.16%
2018-10-10,47381.0,47535.0,47612.0,47151.0,996.98K,0.00%
2018-10-11,44309.0,46076.0,46076.0,44156.0,4.38M,-6.48%
2018-10-12,45999.0,43772.0,45999.0,43772.0,2.89M,3.81%
2018-10-15,45385.0,45922.0,46076.0,45077.0,1.47M,-1.33%
2018-10-16,45461.0,45308.0,45769.0,45231.0,1.38M,0.17%
2018-10-17,45461.0,45999.0,45999.0,45385.0,1.65M,0.00%
2018-10-18,44540.0,45308.0,45461.0,44463.0,2.05M,-2.03%
2018-10-19,44309.0,43772.0,45001.0,43772.0,1.52M,-0.52%
2018-10-22,43849.0,44924.0,45154.0,43849.0,1.54M,-1.04%
2018-10-23,42850.0,43772.0,44002.0,41468.0,2.99M,-2.28%
2018-10-24,42620.0,42850.0,43465.0,42620.0,1.88M,-0.54%
2018-10-25,42082.0,40700.0,42390.0,40700.0,2.23M,-1.26%
2018-10-26,41084.0,42927.0,42927.0,41084.0,1.56M,-2.37%
2018-10-29,40623.0,40931.0,41391.0,40316.0,1.61M,-1.12%
2018-10-30,41622.0,40623.0,41698.0,40470.0,1.71M,2.46%
2018-10-31,42697.0,41622.0,43542.0,41622.0,1.59M,2.58%
2018-11-01,42236.0,42850.0,42927.0,42082.0,1.56M,-1.08%
2018-11-02,43158.0,42236.0,43234.0,42236.0,1.45M,2.18%
2018-11-05,43388.0,42927.0,43388.0,42697.0,1.11M,0.53%
2018-11-06,42850.0,43772.0,43772.0,42850.0,852.00K,-1.24%
2018-11-07,42620.0,42850.0,43158.0,42313.0,852.74K,-0.54%
2018-11-08,42774.0,43542.0,43618.0,42774.0,734.62K,0.36%
2018-11-09,41698.0,42390.0,42774.0,41698.0,1.13M,-2.52%
2018-11-12,41929.0,41468.0,41929.0,40547.0,877.86K,0.55%
2018-11-13,41161.0,40931.0,41698.0,40931.0,767.54K,-1.83%
2018-11-14,40854.0,41161.0,41698.0,40547.0,676.43K,-0.75%
2018-11-15,41007.0,40854.0,41161.0,40316.0,1.06M,0.37%
2018-11-16,40854.0,41468.0,41545.0,40777.0,1.57M,-0.37%
2018-11-19,41468.0,41468.0,41468.0,40854.0,1.46M,1.50%
2018-11-20,41315.0,41468.0,41468.0,40931.0,1.39M,-0.37%
2018-11-21,42543.0,40777.0,42543.0,40700.0,2.43M,2.97%
2018-11-22,42082.0,42236.0,42620.0,42006.0,1.23M,-1.08%
2018-11-23,41468.0,42006.0,42236.0,41468.0,1.14M,-1.46%
2018-11-26,41468.0,41468.0,41698.0,41238.0,859.90K,0.00%
2018-11-27,41007.0,41775.0,42006.0,40854.0,1.64M,-1.11%
2018-11-28,42313.0,41007.0,42313.0,41007.0,1.89M,3.18%
2018-11-29,42236.0,42697.0,43311.0,42236.0,3.01M,-0.18%
2018-11-30,42543.0,42159.0,43004.0,42082.0,1.83M,0.73%
2018-12-03,44540.0,43542.0,44540.0,43158.0,2.84M,4.69%
2018-12-04,44233.0,44386.0,44770.0,43849.0,1.74M,-0.69%
2018-12-05,44386.0,43772.0,44693.0,43388.0,2.57M,0.35%
2018-12-06,43695.0,44079.0,44540.0,43542.0,2.88M,-1.56%
2018-12-07,43925.0,44079.0,44309.0,43849.0,1.07M,0.53%
2018-12-10,43695.0,43925.0,44079.0,43465.0,1.34M,-0.52%
2018-12-11,43618.0,43695.0,43925.0,43158.0,1.43M,-0.18%
2018-12-12,44540.0,44002.0,44540.0,43618.0,1.87M,2.11%
2018-12-13,44233.0,44770.0,44847.0,44233.0,1.09M,-0.69%
2018-12-14,43388.0,44156.0,44233.0,43388.0,1.12M,-1.91%
2018-12-17,42082.0,43004.0,43311.0,42082.0,2.28M,-3.01%
2018-12-18,42313.0,41545.0,42620.0,41545.0,1.86M,0.55%
2018-12-19,41775.0,42313.0,42543.0,41545.0,1.44M,-1.27%
2018-12-20,41929.0,41698.0,42390.0,41698.0,1.12M,0.37%
2018-12-21,41852.0,41852.0,41852.0,41315.0,2.16M,-0.18%
2018-12-24,40777.0,41852.0,42159.0,40777.0,1.10M,-2.57%
2018-12-25,40470.0,39932.0,40700.0,39164.0,2.51M,-0.75%
2018-12-26,40547.0,40393.0,41084.0,40393.0,998.06K,0.19%
2018-12-27,41084.0,41468.0,41698.0,41084.0,729.58K,1.32%
2018-12-28,41084.0,41315.0,41852.0,40931.0,997.44K,0.00%
2019-01-02,41161.0,41391.0,41698.0,41084.0,1.38M,0.19%
2019-01-03,41161.0,41468.0,41545.0,40470.0,1.37M,0.00%
2019-01-04,41775.0,40931.0,41775.0,40393.0,1.67M,1.49%
2019-01-07,41929.0,42466.0,42620.0,41852.0,1.50M,0.37%
2019-01-08,42236.0,42236.0,42390.0,41852.0,1.68M,0.73%
2019-01-09,42850.0,42620.0,43081.0,42082.0,1.45M,1.45%
2019-01-10,42236.0,42850.0,42850.0,42236.0,1.01M,-1.43%
2019-01-11,42390.0,42390.0,42620.0,42159.0,1.42M,0.36%
2019-01-14,42466.0,42390.0,42620.0,42159.0,969.73K,0.18%
2019-01-15,42927.0,42466.0,43081.0,42390.0,1.37M,1.09%
2019-01-16,42543.0,43234.0,43234.0,42236.0,901.06K,-0.89%
2019-01-17,42390.0,42466.0,42774.0,42313.0,587.04K,-0.36%
2019-01-18,42082.0,42390.0,42543.0,42082.0,692.10K,-0.73%
2019-01-21,42850.0,41929.0,43158.0,41852.0,1.11M,1.83%
2019-01-22,42390.0,43004.0,43004.0,42390.0,508.28K,-1.07%
2019-01-23,42543.0,42159.0,42620.0,42159.0,656.78K,0.36%
2019-01-24,42543.0,42543.0,42697.0,42236.0,591.90K,0.00%
2019-01-25,42850.0,42620.0,43081.0,42543.0,1.29M,0.72%
2019-01-28,42620.0,43004.0,43004.0,42620.0,430.00K,-0.54%
2019-01-29,43542.0,42620.0,43542.0,42390.0,1.24M,2.16%
2019-01-30,43542.0,43542.0,43925.0,43542.0,1.47M,0.00%
2019-01-31,43618.0,43618.0,44079.0,43618.0,1.46M,0.17%
2019-02-01,43388.0,43772.0,44079.0,43388.0,1.06M,-0.53%
2019-02-11,44617.0,43772.0,44693.0,43618.0,1.78M,2.83%
2019-02-12,45001.0,44617.0,45308.0,44386.0,2.15M,0.86%
2019-02-13,45922.0,45001.0,45999.0,45001.0,2.37M,2.05%
2019-02-14,46229.0,45922.0,46306.0,45769.0,2.08M,0.67%
2019-02-15,45538.0,46076.0,46076.0,45461.0,1.59M,-1.49%
2019-02-18,46076.0,45692.0,46076.0,45692.0,1.31M,1.18%
2019-02-19,45308.0,46076.0,46229.0,45308.0,1.66M,-1.67%
2019-02-20,45385.0,45538.0,45769.0,45231.0,1.04M,0.17%
2019-02-21,46152.0,45692.0,46152.0,45385.0,2.61M,1.69%
2019-02-22,47612.0,46229.0,47919.0,46076.0,3.19M,3.16%
2019-02-25,48687.0,47995.0,49071.0,47842.0,2.65M,2.26%
2019-02-26,48379.0,48687.0,48763.0,47535.0,2.52M,-0.63%
2019-02-27,47535.0,48226.0,48379.0,47304.0,1.47M,-1.74%
2019-02-28,46460.0,47535.0,47995.0,46460.0,2.59M,-2.26%
2019-03-01,47765.0,46844.0,47765.0,46690.0,910.43K,2.81%
2019-03-04,48226.0,47765.0,48379.0,47765.0,1.72M,0.97%
2019-03-05,48379.0,48226.0,48994.0,47995.0,2.01M,0.32%
2019-03-06,48149.0,48456.0,48610.0,47535.0,1.38M,-0.48%
2019-03-07,48456.0,48149.0,48994.0,48072.0,2.42M,0.64%
2019-03-08,48226.0,47919.0,48379.0,47688.0,1.27M,-0.47%
2019-03-11,48072.0,47919.0,48149.0,47535.0,1.30M,-0.32%
2019-03-12,49762.0,48379.0,49762.0,48149.0,2.80M,3.52%
2019-03-13,50069.0,49915.0,50069.0,49531.0,2.14M,0.62%
2019-03-14,51451.0,50069.0,51451.0,49531.0,2.90M,2.76%
2019-03-15,50683.0,51605.0,51605.0,50683.0,3.34M,-1.49%
2019-03-18,51912.0,51067.0,52066.0,51067.0,2.47M,2.42%
2019-03-19,51298.0,51912.0,51912.0,51221.0,1.77M,-1.18%
2019-03-20,51221.0,51221.0,51605.0,50837.0,3.11M,-0.15%
2019-03-21,51144.0,51374.0,52142.0,51067.0,1.95M,-0.15%
2019-03-22,51374.0,51298.0,51451.0,51067.0,1.76M,0.45%
2019-03-25,50299.0,49915.0,50683.0,49147.0,2.09M,-2.09%
2019-03-26,50299.0,50760.0,51067.0,50299.0,1.44M,0.00%
2019-03-27,50299.0,50606.0,50606.0,49685.0,686.72K,0.00%
2019-03-28,51221.0,50453.0,51221.0,50222.0,947.39K,1.83%
2019-03-29,51682.0,51451.0,51835.0,51298.0,865.19K,0.90%
2019-04-01,52066.0,52142.0,52142.0,51912.0,872.86K,0.74%
2019-04-02,51835.0,52219.0,52603.0,51835.0,710.69K,-0.44%
2019-04-03,51605.0,51835.0,51912.0,51067.0,568.65K,-0.44%
2019-04-04,51989.0,51605.0,52142.0,51298.0,1.21M,0.74%
2019-04-05,52296.0,52066.0,52373.0,52066.0,609.33K,0.59%
2019-04-08,53525.0,52296.0,53525.0,52142.0,1.43M,2.35%
2019-04-09,53601.0,53525.0,53755.0,53294.0,968.71K,0.14%
2019-04-10,52910.0,53371.0,53371.0,52833.0,917.48K,-1.29%
2019-04-11,52603.0,52987.0,52987.0,51989.0,516.89K,-0.58%
2019-04-12,52219.0,52680.0,52680.0,51912.0,453.49K,-0.73%
2019-04-16,51758.0,52219.0,52219.0,50990.0,516.32K,-0.88%
2019-04-17,52219.0,52142.0,52373.0,51451.0,659.32K,0.89%
2019-04-18,52142.0,51835.0,52757.0,51835.0,707.95K,-0.15%
2019-04-19,52219.0,52142.0,52603.0,52142.0,296.73K,0.15%
2019-04-22,52142.0,51528.0,52296.0,51451.0,399.66K,-0.15%
2019-04-23,51835.0,52219.0,52219.0,50760.0,1.61M,-0.59%
2019-04-24,52603.0,51835.0,53141.0,51835.0,873.47K,1.48%
2019-04-25,51989.0,52603.0,52603.0,51989.0,444.94K,-1.17%
2019-04-26,52142.0,52066.0,52449.0,51835.0,353.78K,0.29%
2019-05-02,51374.0,51912.0,52142.0,50990.0,801.88K,-1.47%
2019-05-03,51221.0,51298.0,51605.0,50760.0,1.01M,-0.30%
2019-05-06,50914.0,50837.0,51298.0,50606.0,465.18K,-0.60%
2019-05-07,50376.0,50914.0,51451.0,49762.0,1.41M,-1.06%
2019-05-08,49992.0,49608.0,50376.0,49608.0,1.21M,-0.76%
2019-05-09,50299.0,50222.0,50683.0,49992.0,841.11K,0.61%
2019-05-10,50376.0,50299.0,50760.0,50069.0,707.38K,0.15%
2019-05-13,50606.0,50530.0,50760.0,50376.0,606.64K,0.46%
2019-05-14,51144.0,50222.0,51144.0,50222.0,801.94K,1.06%
2019-05-15,51298.0,51221.0,51758.0,51067.0,936.88K,0.30%
2019-05-16,51298.0,51298.0,51758.0,51298.0,525.98K,0.00%
2019-05-17,51298.0,51298.0,51451.0,51144.0,572.98K,0.00%
2019-05-20,52066.0,51298.0,52296.0,51221.0,774.61K,1.50%
2019-05-21,51989.0,52142.0,52526.0,51989.0,603.76K,-0.15%
2019-05-22,51605.0,51835.0,52680.0,51451.0,845.61K,-0.74%
2019-05-23,51912.0,51758.0,52219.0,51528.0,482.89K,0.59%
2019-05-24,51067.0,51682.0,52219.0,50760.0,1.19M,-1.63%
2019-05-27,51758.0,51451.0,52066.0,51067.0,435.52K,1.35%
2019-05-28,51758.0,51451.0,52680.0,51298.0,847.77K,0.00%
2019-05-29,51835.0,51912.0,52296.0,51605.0,400.04K,0.15%
2019-05-30,51989.0,51835.0,52296.0,51682.0,409.47K,0.30%
2019-05-31,51605.0,51835.0,52219.0,51298.0,908.63K,-0.74%
2019-06-03,51067.0,51067.0,51605.0,49147.0,757.51K,-1.04%
2019-06-04,51605.0,50683.0,51835.0,50606.0,494.81K,1.05%
2019-06-05,51221.0,51605.0,51835.0,51221.0,343.40K,-0.74%
2019-06-06,50606.0,51221.0,51221.0,49915.0,503.45K,-1.20%
2019-06-07,50376.0,51067.0,51451.0,50069.0,626.36K,-0.45%
2019-06-10,51221.0,51298.0,51835.0,50683.0,747.05K,1.68%
2019-06-11,51758.0,51067.0,51835.0,51067.0,357.41K,1.05%
2019-06-12,51451.0,51758.0,51835.0,51374.0,271.67K,-0.59%
2019-06-13,51682.0,51451.0,51835.0,50990.0,697.92K,0.45%
2019-06-14,53141.0,51835.0,53448.0,51682.0,3.16M,2.82%
2019-06-17,53141.0,53141.0,53985.0,52987.0,1.30M,0.00%
2019-06-18,53985.0,52987.0,54139.0,52373.0,1.22M,1.59%
2019-06-19,53601.0,54062.0,54293.0,53294.0,979.09K,-0.71%
2019-06-20,54907.0,53525.0,54907.0,53448.0,1.19M,2.44%
2019-06-21,54523.0,54907.0,55291.0,54523.0,2.28M,-0.70%
2019-06-24,56059.0,54907.0,56673.0,54523.0,1.80M,2.82%
2019-06-25,55598.0,55905.0,55905.0,55291.0,498.71K,-0.82%
2019-06-26,54139.0,55598.0,55675.0,54139.0,1.17M,-2.62%
2019-06-27,53371.0,54523.0,54523.0,53294.0,1.51M,-1.42%
2019-06-28,54139.0,53448.0,55291.0,52526.0,1.06M,1.44%
2019-07-01,54753.0,54523.0,55214.0,54446.0,721.76K,1.13%
2019-07-02,54139.0,54907.0,54907.0,53985.0,463.21K,-1.12%
2019-07-03,53448.0,54139.0,54523.0,53448.0,1.02M,-1.28%
2019-07-04,55675.0,53755.0,55675.0,53525.0,1.44M,4.17%
2019-07-05,55752.0,55675.0,55752.0,55291.0,543.09K,0.14%
2019-07-08,54753.0,55291.0,55521.0,54523.0,922.93K,-1.79%
2019-07-09,55214.0,54907.0,55214.0,54216.0,853.07K,0.84%
2019-07-10,55675.0,55675.0,55828.0,55214.0,815.57K,0.83%
2019-07-11,56827.0,55752.0,57287.0,55752.0,1.64M,2.07%
2019-07-12,56596.0,56827.0,57211.0,56519.0,1.18M,-0.41%
2019-07-15,57595.0,56596.0,57595.0,56596.0,1.39M,1.77%
2019-07-16,59284.0,57979.0,59898.0,57902.0,2.43M,2.93%
2019-07-17,58516.0,58746.0,59207.0,58209.0,1.02M,-1.30%
2019-07-18,58670.0,58286.0,59284.0,58055.0,1.10M,0.26%
2019-07-19,60666.0,58670.0,61281.0,58670.0,1.68M,3.40%
2019-07-22,60666.0,60666.0,61050.0,60436.0,1.19M,0.00%
2019-07-23,60590.0,60590.0,60897.0,60282.0,798.85K,-0.13%
2019-07-24,59054.0,61050.0,61050.0,58746.0,1.76M,-2.54%
2019-07-25,59668.0,59054.0,59745.0,58900.0,583.59K,1.04%
2019-07-26,60282.0,59668.0,61204.0,59514.0,1.20M,1.03%
2019-07-29,62202.0,60282.0,62202.0,60129.0,1.26M,3.19%
2019-07-30,61895.0,62970.0,63354.0,61895.0,1.45M,-0.49%
2019-07-31,61588.0,61434.0,61818.0,61127.0,654.36K,-0.50%
2019-08-01,61818.0,61588.0,61818.0,61204.0,687.57K,0.37%
2019-08-02,60743.0,61204.0,61818.0,60743.0,867.68K,-1.74%
2019-08-05,59438.0,60820.0,61204.0,59207.0,1.09M,-2.15%
2019-08-06,58593.0,58670.0,59054.0,58209.0,1.50M,-1.42%
2019-08-07,60206.0,58593.0,60206.0,58593.0,724.55K,2.75%
2019-08-08,60282.0,60282.0,61281.0,59975.0,781.59K,0.13%
2019-08-09,60282.0,60436.0,60973.0,60206.0,814.89K,0.00%
2019-08-12,59668.0,60282.0,60513.0,59284.0,606.10K,-1.02%
2019-08-13,58593.0,59284.0,59514.0,58286.0,1.03M,-1.80%
2019-08-14,58593.0,59898.0,59898.0,58593.0,452.66K,0.00%
2019-08-15,60666.0,57287.0,60666.0,57287.0,651.18K,3.54%
2019-08-16,59822.0,59745.0,60359.0,59745.0,703.31K,-1.39%
2019-08-19,58977.0,59822.0,60282.0,58900.0,883.94K,-1.41%
2019-08-20,59054.0,59745.0,59745.0,58900.0,579.00K,0.13%
2019-08-21,61434.0,59054.0,61665.0,58900.0,2.46M,4.03%
2019-08-22,61434.0,61588.0,61741.0,61127.0,972.43K,0.00%
2019-08-23,60820.0,61434.0,61588.0,60820.0,576.11K,-1.00%
2019-08-26,59745.0,60052.0,60359.0,59514.0,857.75K,-1.77%
2019-08-27,58746.0,60052.0,60513.0,58363.0,1.42M,-1.67%
2019-08-28,59130.0,58977.0,59361.0,58977.0,751.32K,0.65%
2019-08-29,58977.0,59054.0,59438.0,58746.0,538.78K,-0.26%
2019-08-30,59668.0,59130.0,59668.0,59130.0,357.45K,1.17%
2019-09-03,59745.0,59745.0,59822.0,58900.0,741.14K,0.13%
2019-09-04,59361.0,59514.0,59514.0,59054.0,673.43K,-0.64%
2019-09-05,59591.0,59284.0,60513.0,59284.0,521.76K,0.39%
2019-09-06,59361.0,59898.0,59898.0,59130.0,367.48K,-0.39%
2019-09-09,59284.0,59361.0,59438.0,59130.0,301.70K,-0.13%
2019-09-10,59668.0,59284.0,60820.0,59207.0,831.89K,0.65%
2019-09-11,60052.0,59361.0,60282.0,59361.0,180.49K,0.64%
2019-09-12,61050.0,60282.0,61050.0,60282.0,1.02M,1.66%
2019-09-13,62893.0,61281.0,62970.0,61281.0,1.80M,3.02%
2019-09-16,62202.0,62893.0,63508.0,62049.0,889.77K,-1.10%
2019-09-17,62279.0,61972.0,62433.0,61818.0,1.14M,0.12%
2019-09-18,61895.0,62279.0,63354.0,61818.0,1.03M,-0.62%
2019-09-19,62586.0,62202.0,62740.0,61818.0,672.75K,1.12%
2019-09-20,62202.0,62586.0,63584.0,62202.0,3.57M,-0.61%
2019-09-23,60666.0,62663.0,62893.0,60666.0,1.51M,-2.47%
2019-09-24,61895.0,61050.0,62049.0,60590.0,1.01M,2.03%
2019-09-25,61972.0,61434.0,62125.0,60973.0,930.64K,0.12%
2019-09-26,62202.0,61972.0,62433.0,61665.0,1.33M,0.37%
2019-09-27,63661.0,62433.0,63815.0,62049.0,1.77M,2.35%
2019-09-30,63047.0,63661.0,63968.0,62893.0,989.88K,-0.96%
2019-10-01,64045.0,63047.0,64199.0,62817.0,1.01M,1.58%
2019-10-02,62970.0,64045.0,64276.0,62740.0,1.56M,-1.68%
2019-10-03,62970.0,62817.0,62970.0,61895.0,1.28M,0.00%
2019-10-04,63738.0,62970.0,64122.0,62817.0,1.43M,1.22%
2019-10-07,63584.0,64506.0,64890.0,63584.0,1.45M,-0.24%
2019-10-08,65351.0,63584.0,65504.0,63584.0,1.87M,2.78%
2019-10-09,64890.0,65351.0,65811.0,64890.0,1.10M,-0.71%
2019-10-10,64967.0,65197.0,65427.0,64890.0,961.68K,0.12%
2019-10-11,65504.0,64890.0,65581.0,64813.0,931.95K,0.83%
2019-10-14,65274.0,65658.0,66042.0,65274.0,792.14K,-0.35%
2019-10-15,65427.0,65274.0,65581.0,65043.0,827.36K,0.23%
2019-10-16,66119.0,66195.0,66272.0,65811.0,853.31K,1.06%
2019-10-17,65427.0,66349.0,66349.0,65120.0,1.31M,-1.05%
2019-10-18,65274.0,65658.0,65888.0,65120.0,532.40K,-0.23%
2019-10-21,64660.0,65197.0,65197.0,64199.0,716.44K,-0.94%
2019-10-22,65581.0,64660.0,65888.0,64660.0,603.66K,1.42%
2019-10-23,65504.0,65658.0,65888.0,64967.0,686.64K,-0.12%
2019-10-24,66733.0,65504.0,66810.0,65351.0,842.39K,1.88%
2019-10-25,67578.0,66733.0,67962.0,66503.0,1.07M,1.27%
2019-10-28,67117.0,67578.0,67731.0,67117.0,489.79K,-0.68%
2019-10-29,66349.0,67117.0,67194.0,66272.0,896.54K,-1.14%
2019-10-30,67424.0,66119.0,67731.0,66119.0,775.44K,1.62%
2019-10-31,67347.0,67654.0,67962.0,67270.0,407.48K,-0.11%
2019-11-01,68192.0,67347.0,68653.0,67194.0,1.37M,1.25%
2019-11-04,70649.0,68576.0,71033.0,68576.0,1.39M,3.60%
2019-11-05,69728.0,70726.0,71033.0,69651.0,786.82K,-1.30%
2019-11-06,69881.0,69728.0,70880.0,69651.0,859.04K,0.22%
2019-11-07,70112.0,69881.0,70573.0,69881.0,460.44K,0.33%
2019-11-08,70265.0,70112.0,70573.0,69728.0,531.47K,0.22%
2019-11-11,70112.0,70496.0,70496.0,69881.0,540.76K,-0.22%
2019-11-12,70419.0,70189.0,70726.0,70112.0,760.27K,0.44%
2019-11-13,69497.0,70803.0,70803.0,69114.0,901.56K,-1.31%
2019-11-14,69805.0,69497.0,70189.0,69267.0,478.91K,0.44%
2019-11-15,68883.0,69114.0,69881.0,68653.0,721.28K,-1.32%
2019-11-18,67270.0,68730.0,69037.0,67194.0,893.90K,-2.34%
2019-11-19,69881.0,67578.0,69881.0,67578.0,671.89K,3.88%
2019-11-20,68730.0,69881.0,69881.0,68730.0,658.77K,-1.65%
2019-11-21,67194.0,68422.0,68883.0,67194.0,1.28M,-2.23%
2019-11-22,65658.0,67270.0,67962.0,65427.0,1.72M,-2.29%
2019-11-25,64890.0,65658.0,66042.0,63431.0,1.84M,-1.17%
2019-11-26,65043.0,64890.0,65888.0,64890.0,927.82K,0.24%
2019-11-27,66272.0,65658.0,66810.0,65504.0,618.04K,1.89%
2019-11-28,65504.0,66042.0,66272.0,65197.0,631.17K,-1.16%
2019-11-29,65504.0,65735.0,65888.0,65274.0,405.77K,0.00%
2019-12-02,64122.0,65504.0,65811.0,63738.0,559.91K,-2.11%
2019-12-03,62970.0,63738.0,64583.0,62970.0,810.73K,-1.80%
2019-12-04,65043.0,62893.0,65120.0,62586.0,480.71K,3.29%
2019-12-05,65120.0,65274.0,65811.0,64967.0,482.95K,0.12%
2019-12-06,65197.0,65120.0,65427.0,64813.0,327.17K,0.12%
2019-12-09,65427.0,65197.0,65811.0,64813.0,511.34K,0.35%
2019-12-10,65581.0,65504.0,65965.0,65274.0,653.68K,0.24%
2019-12-11,65965.0,66042.0,66042.0,65427.0,529.64K,0.59%
2019-12-12,67194.0,66119.0,67578.0,66042.0,593.02K,1.86%
2019-12-13,67885.0,67654.0,67962.0,67194.0,952.92K,1.03%
2019-12-16,66042.0,67885.0,67885.0,65274.0,849.24K,-2.71%
2019-12-17,65504.0,66349.0,66810.0,65504.0,339.74K,-0.81%
2019-12-18,66579.0,65581.0,66579.0,65504.0,1.08M,1.64%
2019-12-19,67578.0,66579.0,67731.0,66042.0,1.30M,1.50%
2019-12-20,67808.0,67578.0,67962.0,67424.0,496.82K,0.34%
2019-12-23,69805.0,68269.0,69881.0,68269.0,1.20M,2.95%
2019-12-24,69114.0,69728.0,69728.0,68269.0,647.70K,-0.99%
2019-12-25,69037.0,69114.0,69805.0,68346.0,294.60K,-0.11%
2019-12-26,68653.0,69497.0,69497.0,68346.0,515.64K,-0.56%
2019-12-27,69497.0,68576.0,69497.0,67808.0,636.56K,1.23%
2019-12-30,69881.0,69497.0,70803.0,69114.0,842.34K,0.55%
2019-12-31,69267.0,69574.0,69958.0,69190.0,294.46K,-0.88%
2020-01-02,69728.0,69267.0,70189.0,68883.0,492.91K,0.67%
2020-01-03,69037.0,70265.0,70496.0,69037.0,684.10K,-0.99%
2020-01-06,67194.0,68499.0,68730.0,67194.0,1.12M,-2.67%
2020-01-07,67424.0,66810.0,67501.0,65581.0,1.29M,0.34%
2020-01-08,66810.0,66733.0,67501.0,66195.0,921.63K,-0.91%
2020-01-09,68115.0,67347.0,68269.0,67347.0,922.13K,1.95%
2020-01-10,68730.0,68115.0,69421.0,67501.0,1.95M,0.90%
2020-01-13,68653.0,68346.0,68960.0,68346.0,1.33M,-0.11%
2020-01-14,68653.0,68730.0,69114.0,68422.0,1.28M,0.00%
2020-01-15,68576.0,68806.0,68806.0,68192.0,1.88M,-0.11%
2020-01-16,68730.0,68576.0,69344.0,68269.0,1.49M,0.22%
2020-01-17,72569.0,68730.0,72569.0,68730.0,2.83M,5.59%
2020-01-20,72185.0,72569.0,72800.0,71801.0,1.06M,-0.53%
2020-01-21,72185.0,72108.0,72646.0,71878.0,956.48K,0.00%
2020-01-22,71724.0,72185.0,72953.0,71494.0,1.12M,-0.64%
2020-01-30,68269.0,70726.0,70957.0,66810.0,4.52M,-4.82%
2020-01-31,68115.0,67578.0,68960.0,67347.0,1.62M,-0.23%
2020-02-03,68115.0,64583.0,69267.0,63738.0,1.86M,0.00%
2020-02-04,68960.0,68346.0,68960.0,67347.0,1.43M,1.24%
2020-02-05,68269.0,69267.0,69421.0,68192.0,933.15K,-1.00%
2020-02-06,68653.0,68346.0,69805.0,68192.0,1.14M,0.56%
2020-02-07,69114.0,68960.0,69728.0,68346.0,1.49M,0.67%
2020-02-10,68269.0,68499.0,68730.0,67962.0,774.61K,-1.22%
2020-02-11,68499.0,68346.0,68730.0,68269.0,663.79K,0.34%
2020-02-12,68653.0,68960.0,68960.0,68422.0,778.04K,0.22%
2020-02-13,68576.0,68499.0,68730.0,68192.0,808.05K,-0.11%
2020-02-14,68576.0,68346.0,68960.0,68346.0,552.25K,0.00%
2020-02-17,68653.0,68576.0,69037.0,68422.0,438.82K,0.11%
2020-02-18,68653.0,68806.0,68806.0,68346.0,552.36K,0.00%
2020-02-19,68730.0,68346.0,68730.0,68346.0,336.88K,0.11%
2020-02-20,68730.0,68883.0,69421.0,68499.0,690.47K,0.00%
2020-02-21,68346.0,68730.0,68730.0,68346.0,1.15M,-0.56%
2020-02-24,66963.0,66042.0,67578.0,66042.0,1.27M,-2.02%
2020-02-25,66195.0,66042.0,66810.0,65888.0,1.57M,-1.15%
2020-02-26,65274.0,66042.0,66042.0,64506.0,1.48M,-1.39%
2020-02-27,64506.0,64506.0,64967.0,63661.0,1.57M,-1.18%
2020-02-28,63277.0,61511.0,64045.0,61511.0,2.18M,-1.91%
2020-03-02,62817.0,62586.0,63124.0,62433.0,853.62K,-0.73%
2020-03-03,63124.0,64122.0,64122.0,63124.0,1.08M,0.49%
2020-03-04,62740.0,62970.0,62970.0,62202.0,742.03K,-0.61%
2020-03-05,63815.0,63124.0,64199.0,63124.0,1.06M,1.71%
2020-03-06,64890.0,63738.0,65811.0,62970.0,1.13M,1.68%
2020-03-09,60359.0,60666.0,62125.0,60359.0,1.54M,-6.98%
2020-03-10,61357.0,59898.0,61357.0,57902.0,1.83M,1.65%
2020-03-11,59130.0,61741.0,61741.0,57134.0,2.30M,-3.63%
2020-03-12,55060.0,55291.0,56059.0,55060.0,2.02M,-6.88%
2020-03-13,54523.0,51221.0,56059.0,51221.0,2.37M,-0.98%
2020-03-16,51528.0,54523.0,54523.0,51067.0,1.30M,-5.49%
2020-03-17,51835.0,48840.0,51835.0,48840.0,1.74M,0.60%
2020-03-18,53217.0,52219.0,54293.0,52219.0,1.40M,2.67%
2020-03-19,50683.0,51682.0,52757.0,50683.0,1.52M,-4.76%
2020-03-20,47228.0,50683.0,50914.0,47228.0,3.53M,-6.82%
2020-03-23,43925.0,44233.0,44924.0,43925.0,2.39M,-6.99%
2020-03-24,44540.0,43925.0,44847.0,43465.0,1.91M,1.40%
2020-03-25,47612.0,46076.0,47612.0,45845.0,2.34M,6.90%
2020-03-26,48533.0,47612.0,49685.0,47228.0,1.89M,1.93%
2020-03-27,49224.0,48610.0,50606.0,47995.0,2.00M,1.42%
2020-03-30,46844.0,46152.0,47151.0,45922.0,2.09M,-4.84%
2020-03-31,47612.0,47228.0,49224.0,46076.0,1.22M,1.64%
2020-04-01,49915.0,47228.0,50606.0,47228.0,1.57M,4.84%
2020-04-03,50299.0,49915.0,50914.0,49147.0,2.20M,0.77%
2020-04-06,52219.0,51835.0,52449.0,50683.0,2.69M,3.82%
2020-04-07,52373.0,52219.0,52987.0,51298.0,2.26M,0.29%
2020-04-08,51835.0,51451.0,52373.0,51298.0,2.27M,-1.03%
2020-04-09,54523.0,52219.0,55291.0,52219.0,2.29M,5.19%
2020-04-10,54216.0,54523.0,55214.0,53448.0,2.04M,-0.56%
2020-04-13,54369.0,54216.0,55137.0,53755.0,1.34M,0.28%
2020-04-14,53678.0,54139.0,54369.0,52066.0,2.48M,-1.27%
2020-04-15,54446.0,53525.0,54753.0,53525.0,1.30M,1.43%
2020-04-16,54676.0,53755.0,54676.0,53601.0,1.35M,0.42%
2020-04-17,54830.0,54907.0,55137.0,54446.0,1.88M,0.28%
2020-04-20,55214.0,55060.0,55598.0,54369.0,1.31M,0.70%
2020-04-21,54907.0,54523.0,54907.0,52066.0,2.76M,-0.56%
2020-04-22,53217.0,52987.0,54600.0,52987.0,2.06M,-3.08%
2020-04-23,53141.0,54523.0,54523.0,52833.0,1.53M,-0.14%
2020-04-24,52910.0,53141.0,53448.0,51835.0,1.24M,-0.43%
2020-04-27,51298.0,53678.0,53678.0,51298.0,3.25M,-3.05%
2020-04-28,51451.0,51298.0,52603.0,50069.0,2.62M,0.30%
2020-04-29,52219.0,51451.0,52296.0,51451.0,1.94M,1.49%
2020-05-04,51758.0,52219.0,52296.0,51298.0,1.09M,-0.88%
2020-05-05,51298.0,51682.0,51989.0,51298.0,1.29M,-0.89%
2020-05-06,51912.0,51682.0,51989.0,51067.0,1.09M,1.20%
2020-05-07,53525.0,52066.0,53525.0,51989.0,2.47M,3.11%
2020-05-08,56443.0,53755.0,56980.0,53601.0,4.93M,5.45%
2020-05-11,57211.0,56443.0,57211.0,55675.0,2.16M,1.36%
2020-05-12,58055.0,57287.0,58363.0,57134.0,2.81M,1.48%
2020-05-13,58055.0,58055.0,58746.0,55291.0,2.36M,0.00%
2020-05-14,58363.0,57595.0,58670.0,57518.0,2.71M,0.53%
2020-05-15,58363.0,58670.0,58746.0,58055.0,2.04M,0.00%
2020-05-18,60282.0,58593.0,60666.0,58209.0,1.28M,3.29%
2020-05-19,60666.0,61357.0,61511.0,60513.0,1.44M,0.64%
2020-05-20,61127.0,60206.0,61204.0,60206.0,906.22K,0.76%
2020-05-21,62356.0,61434.0,62356.0,61127.0,1.82M,2.01%
2020-05-22,62202.0,62356.0,62433.0,61434.0,1.03M,-0.25%
2020-05-25,62279.0,62125.0,62433.0,62049.0,904.31K,0.12%
2020-05-26,63354.0,62202.0,63431.0,62202.0,945.43K,1.73%
2020-05-27,63661.0,63738.0,64813.0,63661.0,1.04M,0.48%
2020-05-28,64890.0,63738.0,65351.0,63738.0,2.36M,1.93%
2020-05-29,65427.0,65274.0,66042.0,64890.0,1.48M,0.83%
2020-06-01,66426.0,65658.0,66579.0,65658.0,925.50K,1.53%
2020-06-02,66503.0,66733.0,66733.0,66272.0,1.29M,0.12%
2020-06-03,67501.0,66810.0,67501.0,66733.0,590.47K,1.50%
2020-06-04,68346.0,67578.0,68346.0,67578.0,574.51K,1.25%
2020-06-05,68346.0,68422.0,68576.0,66810.0,1.03M,0.00%
2020-06-08,68653.0,68346.0,69267.0,67885.0,1.02M,0.45%
2020-06-09,68730.0,69037.0,69114.0,68653.0,532.97K,0.11%
2020-06-10,68806.0,68730.0,68960.0,68576.0,1.01M,0.11%
2020-06-11,67578.0,68730.0,68806.0,66810.0,1.49M,-1.78%
2020-06-12,65735.0,63354.0,66426.0,63354.0,2.06M,-2.73%
2020-06-15,62970.0,65735.0,65888.0,62817.0,1.55M,-4.21%
2020-06-16,64276.0,64506.0,64506.0,63277.0,1.02M,2.07%
2020-06-17,64660.0,65274.0,65427.0,64352.0,941.47K,0.60%
2020-06-18,65274.0,64506.0,66426.0,64429.0,2.31M,0.95%
2020-06-19,65581.0,65274.0,66042.0,65274.0,923.79K,0.47%
2020-06-22,65658.0,65274.0,65735.0,65274.0,1.67M,0.12%
2020-06-23,66042.0,65658.0,66810.0,65504.0,1.17M,0.58%
2020-06-24,65043.0,66042.0,66042.0,64583.0,906.16K,-1.51%
2020-06-25,64276.0,63508.0,64813.0,63508.0,646.49K,-1.18%
2020-06-26,63968.0,64583.0,65043.0,63738.0,454.17K,-0.48%
2020-06-29,62586.0,63968.0,63968.0,62279.0,758.12K,-2.16%
2020-06-30,61665.0,63354.0,63354.0,61434.0,905.95K,-1.47%
2020-07-01,63508.0,61665.0,63508.0,61434.0,516.07K,2.99%
2020-07-02,63431.0,63892.0,63892.0,62202.0,598.50K,-0.12%
2020-07-03,63738.0,63354.0,63968.0,63124.0,472.55K,0.48%
2020-07-06,63661.0,63738.0,64045.0,63277.0,1.56M,-0.12%
2020-07-07,64045.0,64506.0,64660.0,63968.0,1.71M,0.60%
2020-07-08,63738.0,63892.0,64045.0,63584.0,619.10K,-0.48%
2020-07-09,64199.0,64429.0,64429.0,63968.0,1.23M,0.72%
2020-07-10,63508.0,64045.0,64199.0,63047.0,1.17M,-1.08%
2020-07-13,63661.0,64045.0,64122.0,63277.0,474.20K,0.24%
2020-07-14,63738.0,63661.0,63738.0,63124.0,544.99K,0.12%
2020-07-15,64122.0,63892.0,64352.0,63892.0,1.53M,0.60%
2020-07-16,64122.0,64352.0,64429.0,63661.0,1.39M,0.00%
2020-07-17,63584.0,64199.0,64199.0,63584.0,801.33K,-0.84%
2020-07-20,63124.0,63354.0,63508.0,62740.0,889.16K,-0.72%
2020-07-21,63354.0,63354.0,63584.0,62740.0,869.90K,0.36%
2020-07-22,63354.0,63354.0,63354.0,63124.0,797.91K,0.00%
2020-07-23,63354.0,63354.0,63584.0,63047.0,1.72M,0.00%
2020-07-24,62202.0,63047.0,63200.0,60282.0,1.71M,-1.82%
2020-07-27,59130.0,58363.0,61434.0,58363.0,1.63M,-4.94%
2020-07-28,60282.0,59130.0,60513.0,58746.0,1.16M,1.95%
2020-07-29,59514.0,58363.0,59898.0,57671.0,1.06M,-1.27%
2020-07-30,59438.0,59591.0,60282.0,59361.0,1.20M,-0.13%
2020-07-31,58670.0,58363.0,59438.0,58363.0,858.67K,-1.29%
2020-08-03,60513.0,58363.0,60513.0,58363.0,539.52K,3.14%
2020-08-04,62893.0,61434.0,62893.0,60973.0,787.09K,3.93%
2020-08-05,63508.0,62893.0,63738.0,61741.0,993.80K,0.98%
2020-08-06,63584.0,63431.0,63815.0,62893.0,1.02M,0.12%
2020-08-07,63661.0,63738.0,63738.0,63277.0,661.81K,0.12%
2020-08-10,62893.0,63738.0,63892.0,62893.0,735.70K,-1.21%
2020-08-11,63047.0,63354.0,63431.0,62817.0,399.29K,0.24%
2020-08-12,63047.0,63047.0,63200.0,62893.0,396.11K,0.00%
2020-08-13,63738.0,63661.0,63738.0,62970.0,491.67K,1.10%
2020-08-14,62970.0,63738.0,63815.0,62893.0,1.05M,-1.20%
2020-08-17,63200.0,62970.0,63661.0,62740.0,496.98K,0.37%
2020-08-18,63200.0,63200.0,63431.0,62740.0,423.24K,0.00%
2020-08-19,63738.0,63200.0,63738.0,62970.0,748.74K,0.85%
2020-08-20,63738.0,63738.0,64890.0,63738.0,1.40M,0.00%
2020-08-21,63661.0,63738.0,63892.0,63431.0,1.64M,-0.12%
2020-08-24,64429.0,63738.0,64967.0,63738.0,1.95M,1.21%
2020-08-25,64429.0,64429.0,65197.0,64429.0,2.23M,0.00%
2020-08-26,64122.0,64429.0,64429.0,64045.0,2.02M,-0.48%
2020-08-27,64122.0,64122.0,64429.0,63892.0,1.28M,0.00%
2020-08-28,64045.0,64199.0,64429.0,63968.0,2.10M,-0.12%
2020-08-31,63738.0,64506.0,64890.0,63584.0,1.24M,-0.48%
2020-09-01,63738.0,63738.0,63968.0,63661.0,2.07M,0.00%
2020-09-03,66195.0,64276.0,66426.0,64276.0,3.19M,3.85%
2020-09-04,65197.0,65274.0,66119.0,65120.0,3.09M,-1.51%
2020-09-07,64199.0,65043.0,65351.0,64199.0,1.51M,-1.53%
2020-09-08,63354.0,64199.0,64429.0,63200.0,2.53M,-1.32%
2020-09-09,63124.0,62970.0,63892.0,62586.0,1.88M,-0.36%
2020-09-10,63047.0,63738.0,63968.0,63047.0,880.06K,-0.12%
2020-09-11,63200.0,63047.0,63431.0,62817.0,849.42K,0.24%
2020-09-14,63738.0,63584.0,63815.0,63508.0,758.81K,0.85%
2020-09-15,63354.0,63738.0,64122.0,63354.0,1.27M,-0.60%
2020-09-16,63661.0,63431.0,63815.0,62970.0,801.37K,0.48%
2020-09-17,63354.0,63354.0,63738.0,62970.0,1.33M,-0.48%
2020-09-18,63661.0,63277.0,63738.0,63277.0,1.52M,0.48%
2020-09-21,63738.0,63815.0,64199.0,63738.0,2.13M,0.12%
2020-09-22,64506.0,63738.0,64813.0,63584.0,2.23M,1.20%
2020-09-23,65581.0,64660.0,65658.0,64660.0,1.78M,1.67%
2020-09-24,66119.0,64583.0,66195.0,64583.0,2.08M,0.82%
2020-09-25,66042.0,66119.0,66195.0,65658.0,1.41M,-0.12%
2020-09-28,66042.0,65888.0,66195.0,65581.0,1.60M,0.00%
2020-09-29,64967.0,66042.0,66119.0,64352.0,2.05M,-1.63%
2020-09-30,64583.0,65274.0,65274.0,64352.0,745.76K,-0.59%
2020-10-01,65120.0,65351.0,65351.0,64660.0,468.33K,0.83%
2020-10-02,64506.0,65120.0,65274.0,61434.0,1.14M,-0.94%
2020-10-05,64122.0,64890.0,65274.0,64045.0,1.04M,-0.60%
2020-10-06,64429.0,64352.0,64813.0,63892.0,1.41M,0.48%
2020-10-07,65274.0,64199.0,65427.0,63815.0,1.26M,1.31%
2020-10-08,65120.0,65658.0,65658.0,64352.0,700.70K,-0.24%
2020-10-09,65120.0,64890.0,65274.0,64890.0,467.27K,0.00%
2020-10-12,65965.0,66042.0,66810.0,65120.0,2.01M,1.30%
2020-10-13,66426.0,66042.0,66733.0,65658.0,1.04M,0.70%
2020-10-14,67731.0,66656.0,68346.0,66579.0,1.54M,1.96%
2020-10-15,68038.0,67731.0,68038.0,66656.0,1.82M,0.45%
2020-10-16,67731.0,67962.0,68038.0,67194.0,853.45K,-0.45%
2020-10-19,67194.0,67578.0,67808.0,67194.0,1.34M,-0.79%
2020-10-20,67347.0,66810.0,67424.0,66733.0,1.37M,0.23%
2020-10-21,66195.0,67424.0,68038.0,65965.0,1.85M,-1.71%
2020-10-22,66503.0,66119.0,66503.0,65351.0,1.69M,0.47%
2020-10-23,67194.0,66733.0,67194.0,66579.0,839.39K,1.04%
2020-10-26,66042.0,67194.0,67424.0,66042.0,1.16M,-1.71%
2020-10-27,66042.0,66042.0,67040.0,65658.0,1.49M,0.00%
2020-10-28,64660.0,66042.0,66426.0,64122.0,1.11M,-2.09%
2020-10-29,64199.0,64813.0,65120.0,64122.0,975.78K,-0.71%
2020-10-30,63738.0,64199.0,64813.0,63584.0,1.39M,-0.72%
2020-11-02,65888.0,63738.0,65888.0,63738.0,467.40K,3.37%
2020-11-03,65274.0,65888.0,65965.0,65043.0,393.71K,-0.93%
2020-11-04,65274.0,65274.0,65658.0,64736.0,503.59K,0.00%
2020-11-05,65274.0,65658.0,65658.0,65120.0,648.16K,0.00%
2020-11-06,65274.0,65351.0,65351.0,64506.0,412.35K,0.00%
2020-11-09,65658.0,65274.0,65888.0,65120.0,1.28M,0.59%
2020-11-10,65351.0,66119.0,67040.0,65351.0,1.93M,-0.47%
2020-11-11,65197.0,65658.0,66503.0,65197.0,1.32M,-0.24%
2020-11-12,66349.0,65811.0,66426.0,65735.0,517.23K,1.77%
2020-11-13,66733.0,66503.0,66733.0,66195.0,533.16K,0.58%
2020-11-16,65888.0,66963.0,67424.0,65274.0,1.60M,-1.27%
2020-11-17,67270.0,65888.0,67270.0,65658.0,699.57K,2.10%
2020-11-18,67270.0,67270.0,67347.0,66810.0,1.16M,0.00%
2020-11-19,69267.0,67347.0,69267.0,67117.0,3.30M,2.97%
2020-11-20,71033.0,69881.0,71033.0,69190.0,1.57M,2.55%
2020-11-23,70342.0,70726.0,70957.0,69881.0,827.91K,-0.97%
2020-11-24,70957.0,70649.0,70957.0,69728.0,1.27M,0.87%
2020-11-25,71801.0,71033.0,72339.0,70880.0,1.39M,1.19%
2020-11-26,72185.0,71801.0,72185.0,71110.0,891.10K,0.53%
2020-11-27,72569.0,72185.0,72569.0,71571.0,1.54M,0.53%
2020-11-30,71417.0,71955.0,72185.0,70265.0,1.85M,-1.59%
2020-12-01,70649.0,69651.0,71571.0,69651.0,1.48M,-1.08%
2020-12-02,71801.0,70649.0,71801.0,70265.0,952.80K,1.63%
2020-12-03,71801.0,71801.0,72108.0,70957.0,940.11K,0.00%
2020-12-04,69958.0,71571.0,71801.0,69958.0,1.10M,-2.57%
2020-12-07,71494.0,70189.0,71648.0,70189.0,1.21M,2.20%
2020-12-08,71494.0,71417.0,72108.0,70265.0,896.80K,0.00%
2020-12-09,74105.0,71878.0,74105.0,71571.0,1.53M,3.65%
2020-12-10,74643.0,74105.0,75027.0,74028.0,1.66M,0.73%
2020-12-11,74643.0,74643.0,74719.0,73644.0,990.42K,0.00%
2020-12-14,76716.0,74643.0,76716.0,73644.0,1.19M,2.78%
2020-12-15,75103.0,76025.0,76639.0,74105.0,1.83M,-2.10%
2020-12-16,76716.0,75641.0,76716.0,75103.0,945.13K,2.15%
2020-12-17,73721.0,75718.0,75718.0,72953.0,2.94M,-3.90%
2020-12-18,75948.0,73721.0,75948.0,73721.0,1.34M,3.02%
2020-12-21,76567.0,76567.0,76645.0,75329.0,889.41K,0.82%
2020-12-22,75793.0,75871.0,75948.0,75484.0,955.52K,-1.01%
2020-12-23,75484.0,75484.0,76258.0,75019.0,850.31K,-0.41%
2020-12-24,75329.0,75793.0,75793.0,74322.0,1.04M,-0.21%
2020-12-25,75561.0,75096.0,75561.0,74864.0,401.89K,0.31%
2020-12-28,75871.0,75871.0,76025.0,75329.0,1.07M,0.41%
2020-12-29,76800.0,75871.0,77264.0,75716.0,888.75K,1.22%
2020-12-30,75793.0,76800.0,77109.0,75484.0,650.14K,-1.31%
2020-12-31,75793.0,75793.0,76645.0,75096.0,468.47K,0.00%
2021-01-04,76645.0,75871.0,77264.0,75329.0,1.09M,1.12%
2021-01-05,76877.0,76645.0,77884.0,76645.0,943.22K,0.30%
2021-01-06,81290.0,77032.0,82219.0,76877.0,2.65M,5.74%
2021-01-07,82838.0,80516.0,84000.0,80516.0,1.13M,1.90%
2021-01-08,81135.0,83613.0,83613.0,80903.0,1.23M,-2.06%
2021-01-11,80903.0,80980.0,81832.0,80593.0,1.08M,-0.29%
2021-01-12,81755.0,81755.0,81755.0,80671.0,810.13K,1.05%
2021-01-13,81135.0,81755.0,82142.0,80516.0,1.36M,-0.76%
2021-01-14,80438.0,81290.0,81445.0,79974.0,1.06M,-0.86%
2021-01-15,79896.0,81135.0,81213.0,79355.0,1.40M,-0.67%
2021-01-18,79974.0,80129.0,81290.0,79742.0,1.35M,0.10%
2021-01-19,76645.0,79819.0,79974.0,74400.0,1.44M,-4.16%
2021-01-20,76722.0,76645.0,81987.0,75871.0,2.67M,0.10%
2021-01-21,79742.0,76722.0,79742.0,75871.0,1.64M,3.94%
2021-01-22,79742.0,79742.0,80516.0,78967.0,1.62M,0.00%
2021-01-25,79355.0,78271.0,79742.0,78271.0,926.25K,-0.49%
2021-01-26,78116.0,79355.0,79355.0,76645.0,1.24M,-1.56%
2021-01-27,75406.0,76722.0,77419.0,72696.0,2.00M,-3.47%
2021-01-28,70142.0,71226.0,72232.0,70142.0,1.54M,-6.98%
2021-01-29,72000.0,66193.0,75019.0,66193.0,1.73M,2.65%
2021-02-01,70529.0,74322.0,74322.0,70451.0,1.67M,-2.04%
2021-02-02,74709.0,71226.0,74864.0,71226.0,1.36M,5.93%
2021-02-03,76567.0,75793.0,76645.0,74787.0,1.86M,2.49%
2021-02-04,76567.0,76567.0,76645.0,72696.0,1.23M,0.00%
2021-02-05,77419.0,76567.0,77419.0,75793.0,1.15M,1.11%
2021-02-08,72851.0,76645.0,77264.0,72077.0,3.70M,-5.90%
2021-02-09,75251.0,75096.0,75406.0,72077.0,3.80M,3.29%
2021-02-17,77419.0,75484.0,77419.0,75484.0,1.35M,2.88%
2021-02-18,78967.0,76645.0,78967.0,75871.0,2.16M,2.00%
2021-02-19,78425.0,76800.0,78735.0,76722.0,2.36M,-0.69%
2021-02-22,77884.0,77806.0,78967.0,77651.0,1.77M,-0.69%
2021-02-23,77419.0,77419.0,78193.0,76800.0,1.84M,-0.60%
2021-02-24,75948.0,77806.0,78193.0,74709.0,1.61M,-1.90%
2021-02-25,76025.0,76645.0,77032.0,75561.0,1.14M,0.10%
2021-02-26,76025.0,75329.0,76645.0,75096.0,1.37M,0.00%
2021-03-01,76800.0,76025.0,76877.0,76025.0,1.16M,1.02%
2021-03-02,76877.0,77419.0,78813.0,75871.0,1.52M,0.10%
2021-03-03,76180.0,76103.0,76955.0,76025.0,1.17M,-0.91%
2021-03-04,75329.0,76335.0,77032.0,72077.0,1.43M,-1.12%
2021-03-05,74632.0,75174.0,75251.0,73548.0,2.12M,-0.93%
2021-03-08,73703.0,75096.0,75096.0,73548.0,1.92M,-1.24%
2021-03-09,73548.0,73548.0,73548.0,72077.0,1.72M,-0.21%
2021-03-10,73935.0,73548.0,74167.0,72774.0,1.36M,0.53%
2021-03-11,74555.0,74167.0,74942.0,74167.0,1.29M,0.84%
2021-03-12,74167.0,74555.0,74709.0,73161.0,1.61M,-0.52%
2021-03-15,74555.0,74322.0,75096.0,73935.0,1.84M,0.52%
2021-03-16,74090.0,74322.0,74322.0,73626.0,836.80K,-0.62%
2021-03-17,74013.0,73935.0,74167.0,73548.0,1.58M,-0.10%
2021-03-18,75484.0,74477.0,75484.0,73935.0,2.05M,1.99%
2021-03-19,72929.0,75174.0,75174.0,72929.0,2.04M,-3.38%
2021-03-22,75096.0,74322.0,75484.0,73858.0,2.43M,2.97%
2021-03-23,74167.0,75019.0,75019.0,73858.0,1.20M,-1.24%
2021-03-24,73316.0,73548.0,74245.0,72851.0,1.82M,-1.15%
2021-03-25,73626.0,73316.0,74322.0,73161.0,1.48M,0.42%
2021-03-26,73471.0,73548.0,73935.0,72542.0,1.53M,-0.21%
2021-03-29,73780.0,73703.0,74167.0,72387.0,1.53M,0.42%
2021-03-30,73393.0,73780.0,73780.0,72851.0,2.23M,-0.52%
2021-03-31,73393.0,73161.0,73626.0,72851.0,1.21M,0.00%
2021-04-01,75019.0,73703.0,75638.0,73703.0,3.44M,2.22%
2021-04-02,75716.0,75484.0,76258.0,75019.0,2.91M,0.93%
2021-04-05,78967.0,77419.0,79587.0,76335.0,4.58M,4.29%
2021-04-06,78890.0,78967.0,79355.0,77806.0,2.86M,-0.10%
2021-04-07,78890.0,78193.0,78967.0,77729.0,1.51M,0.00%
2021-04-08,77419.0,78890.0,78890.0,77032.0,2.01M,-1.86%
2021-04-09,75484.0,77032.0,77032.0,75484.0,2.68M,-2.50%
2021-04-12,76567.0,76258.0,76800.0,75406.0,3.41M,1.43%
2021-04-13,75484.0,77419.0,77419.0,75484.0,2.13M,-1.41%
2021-04-14,76413.0,75329.0,76413.0,75019.0,1.71M,1.23%
2021-04-15,75484.0,77264.0,77264.0,74942.0,2.75M,-1.22%
2021-04-16,74555.0,75329.0,76258.0,74322.0,1.93M,-1.23%
2021-04-19,76258.0,75096.0,76258.0,74167.0,1.77M,2.28%
2021-04-20,79742.0,76722.0,81290.0,76258.0,8.01M,4.57%
2021-04-22,79742.0,79742.0,81755.0,79122.0,3.80M,0.00%
2021-04-23,80516.0,79742.0,80516.0,77806.0,2.92M,0.97%
2021-04-26,76335.0,80516.0,80516.0,75793.0,4.59M,-5.19%
2021-04-27,76645.0,76335.0,77109.0,75638.0,1.52M,0.41%
2021-04-28,76645.0,76645.0,76877.0,75638.0,1.82M,0.00%
2021-04-29,77419.0,76645.0,77419.0,75871.0,2.06M,1.01%
2021-05-04,76722.0,76645.0,77109.0,75871.0,1.91M,-0.90%
2021-05-05,78348.0,76722.0,78967.0,76722.0,2.33M,2.12%
2021-05-06,76877.0,78348.0,78735.0,76645.0,1.48M,-1.88%
2021-05-07,75096.0,76567.0,76645.0,74864.0,2.92M,-2.32%
2021-05-10,75948.0,74864.0,76025.0,74245.0,2.14M,1.13%
2021-05-11,75793.0,76025.0,76877.0,75484.0,1.49M,-0.20%
2021-05-12,75329.0,75793.0,75793.0,75096.0,1.55M,-0.61%
2021-05-13,74942.0,75251.0,75716.0,74942.0,2.17M,-0.51%
2021-05-14,75019.0,75406.0,76103.0,74787.0,1.79M,0.10%
2021-05-17,74322.0,75174.0,75329.0,74167.0,2.19M,-0.93%
2021-05-18,73238.0,73780.0,74322.0,73161.0,2.68M,-1.46%
2021-05-19,72851.0,73238.0,73238.0,72619.0,2.14M,-0.53%
2021-05-20,76645.0,72851.0,76645.0,72851.0,2.43M,5.21%
2021-05-21,74942.0,74555.0,75871.0,74322.0,1.86M,-2.22%
2021-05-24,75406.0,75484.0,76258.0,74709.0,2.32M,0.62%
2021-05-25,77264.0,75406.0,77419.0,75406.0,4.87M,2.46%
2021-05-26,77729.0,77342.0,78813.0,77187.0,3.01M,0.60%
2021-05-27,76413.0,77729.0,77729.0,75871.0,1.86M,-1.69%
2021-05-28,77109.0,76645.0,78271.0,75561.0,2.80M,0.91%
2021-05-31,76335.0,78193.0,78193.0,76103.0,3.34M,-1.00%
2021-06-01,80284.0,76955.0,80671.0,76413.0,5.78M,5.17%
2021-06-02,82064.0,80516.0,83225.0,80284.0,5.45M,2.22%
2021-06-03,82606.0,82142.0,83613.0,82064.0,3.58M,0.66%
2021-06-04,81213.0,82451.0,82451.0,80593.0,3.07M,-1.69%
2021-06-07,79742.0,80748.0,81213.0,78348.0,3.79M,-1.81%
2021-06-08,77419.0,79742.0,80516.0,77419.0,3.00M,-2.91%
2021-06-09,78967.0,77419.0,78967.0,76800.0,3.05M,2.00%
2021-06-10,78813.0,78967.0,79664.0,77419.0,2.89M,-0.20%
2021-06-11,79587.0,78271.0,80129.0,77806.0,2.61M,0.98%
2021-06-14,78967.0,79045.0,80051.0,78425.0,1.86M,-0.78%
2021-06-15,79587.0,79045.0,79742.0,78193.0,1.81M,0.79%
2021-06-16,80516.0,79355.0,82064.0,79355.0,3.70M,1.17%
2021-06-17,80671.0,80516.0,81290.0,78967.0,1.99M,0.19%
2021-06-18,84000.0,80903.0,84387.0,80748.0,4.13M,4.13%
2021-06-21,82529.0,83613.0,83767.0,82064.0,2.69M,-1.75%
2021-06-22,83303.0,82916.0,84000.0,82451.0,1.89M,0.94%
2021-06-23,84929.0,83613.0,85935.0,82838.0,2.87M,1.95%
2021-06-24,85703.0,85161.0,85780.0,83458.0,1.46M,0.91%
2021-06-25,87174.0,85703.0,87329.0,84309.0,2.15M,1.72%
2021-06-28,87174.0,87174.0,87484.0,86013.0,1.95M,0.00%
2021-06-29,88258.0,86709.0,88258.0,86322.0,2.36M,1.24%
2021-06-30,90116.0,88258.0,90735.0,88258.0,3.53M,2.11%
2021-07-01,90116.0,90348.0,90425.0,89032.0,2.34M,0.00%
2021-07-02,88954.0,90116.0,90271.0,88258.0,2.20M,-1.29%
2021-07-05,87948.0,88180.0,88180.0,85858.0,2.61M,-1.13%
2021-07-06,86709.0,87096.0,89032.0,86709.0,2.13M,-1.41%
2021-07-07,87793.0,86709.0,87793.0,82064.0,3.42M,1.25%
2021-07-08,85935.0,86090.0,87484.0,84387.0,1.77M,-2.12%
2021-07-09,85006.0,85161.0,86013.0,82684.0,3.75M,-1.08%
2021-07-12,82916.0,84774.0,84774.0,79819.0,3.17M,-2.46%
2021-07-13,80051.0,82761.0,82761.0,79045.0,2.38M,-3.46%
2021-07-14,78813.0,80051.0,80129.0,77419.0,2.87M,-1.55%
2021-07-15,79355.0,77574.0,80903.0,77574.0,2.96M,0.69%
2021-07-16,79355.0,79355.0,80051.0,78193.0,1.87M,0.00%
2021-07-19,75096.0,77419.0,77574.0,74245.0,3.24M,-5.37%
2021-07-20,77574.0,75716.0,78193.0,72387.0,3.04M,3.30%
2021-07-21,76645.0,77032.0,77806.0,76103.0,1.87M,-1.20%
2021-07-22,77651.0,76567.0,77961.0,75871.0,1.86M,1.31%
2021-07-23,75096.0,76877.0,77264.0,75096.0,2.17M,-3.29%
2021-07-26,74322.0,74709.0,75484.0,74090.0,1.61M,-1.03%
2021-07-27,73548.0,75484.0,75561.0,73548.0,3.39M,-1.04%
2021-07-28,75096.0,73626.0,75096.0,73626.0,1.90M,2.10%
2021-07-29,75793.0,75406.0,75793.0,75096.0,1.52M,0.93%
2021-07-30,75871.0,75329.0,76490.0,75251.0,1.73M,0.10%
2021-08-02,75096.0,75096.0,76413.0,74632.0,1.64M,-1.02%
2021-08-03,76490.0,75174.0,76490.0,75096.0,1.62M,1.86%
2021-08-04,76258.0,76800.0,76877.0,75948.0,1.48M,-0.30%
2021-08-05,76955.0,75871.0,77032.0,75793.0,1.44M,0.91%
2021-08-06,75948.0,77264.0,77264.0,75948.0,1.42M,-1.31%
2021-08-09,76103.0,75948.0,76567.0,75638.0,1.57M,0.20%
2021-08-10,76645.0,76645.0,76800.0,76258.0,1.99M,0.71%
2021-08-11,77806.0,76877.0,78735.0,76722.0,2.18M,1.51%
2021-08-12,77342.0,77806.0,78038.0,77032.0,1.26M,-0.60%
2021-08-13,77109.0,77342.0,77342.0,76103.0,1.70M,-0.30%
2021-08-16,77884.0,77109.0,77884.0,76645.0,2.54M,1.01%
2021-08-17,78193.0,79355.0,79742.0,78193.0,2.15M,0.40%
2021-08-18,78193.0,78193.0,79355.0,77187.0,2.36M,0.00%
2021-08-19,79587.0,77961.0,79742.0,77264.0,3.29M,1.78%
2021-08-20,77496.0,78348.0,78890.0,76955.0,2.29M,-2.63%
2021-08-23,75329.0,76645.0,77419.0,74787.0,2.73M,-2.80%
2021-08-24,75096.0,76800.0,76800.0,74709.0,1.36M,-0.31%
2021-08-25,75484.0,75096.0,76645.0,74942.0,1.36M,0.52%
2021-08-26,74942.0,75716.0,76645.0,74942.0,1.37M,-0.72%
2021-08-27,75716.0,74322.0,76258.0,74322.0,1.41M,1.03%
2021-08-30,76877.0,76180.0,76955.0,75716.0,1.56M,1.53%
2021-08-31,76955.0,77032.0,77342.0,76103.0,953.81K,0.10%
2021-09-01,76955.0,76955.0,77342.0,74322.0,1.16M,0.00%
2021-09-06,77419.0,76955.0,77496.0,76955.0,1.15M,0.60%
2021-09-07,77419.0,77342.0,78038.0,77264.0,1.33M,0.00%
2021-09-08,77187.0,77419.0,77496.0,74942.0,1.10M,-0.30%
2021-09-09,76877.0,77187.0,77496.0,76335.0,1.04M,-0.40%
2021-09-10,76800.0,77264.0,77264.0,76335.0,1.09M,-0.10%
2021-09-13,75948.0,76490.0,76645.0,75948.0,1.33M,-1.11%
2021-09-14,76103.0,75948.0,76258.0,75096.0,1.57M,0.20%
2021-09-15,75174.0,76103.0,76103.0,75174.0,1.02M,-1.22%
2021-09-16,75948.0,76567.0,76567.0,75484.0,727.83K,1.03%
2021-09-17,75251.0,75484.0,76180.0,75251.0,1.28M,-0.92%
2021-09-20,77109.0,75329.0,78193.0,75329.0,1.63M,2.47%
2021-09-21,75871.0,77032.0,77264.0,75871.0,1.10M,-1.61%
2021-09-22,77032.0,76180.0,77032.0,75871.0,462.93K,1.53%
2021-09-23,77032.0,77109.0,77729.0,76258.0,862.58K,0.00%
2021-09-24,77032.0,77032.0,77264.0,76877.0,580.20K,0.00%
2021-09-27,75871.0,77032.0,77187.0,75871.0,593.98K,-1.51%
2021-09-28,76800.0,75716.0,76877.0,75484.0,618.22K,1.22%
2021-09-29,76258.0,77032.0,77032.0,75484.0,720.94K,-0.71%
2021-09-30,75251.0,76258.0,76335.0,75174.0,1.53M,-1.32%
2021-10-01,74245.0,75329.0,76025.0,74167.0,2.06M,-1.34%
2021-10-04,73238.0,74322.0,74709.0,73084.0,1.17M,-1.36%
2021-10-05,74013.0,73626.0,74400.0,73626.0,1.24M,1.06%
2021-10-06,74013.0,74013.0,74013.0,73393.0,881.97K,0.00%
2021-10-07,74942.0,74013.0,74942.0,73548.0,1.02M,1.26%
2021-10-08,75096.0,74787.0,75096.0,74013.0,889.37K,0.21%
2021-10-11,75484.0,75096.0,76180.0,74942.0,1.40M,0.52%
2021-10-12,75096.0,76103.0,76103.0,75096.0,971.16K,-0.51%
2021-10-13,75096.0,75793.0,75871.0,75096.0,1.82M,0.00%
2021-10-14,74864.0,75096.0,75251.0,74245.0,2.28M,-0.31%
2021-10-15,74709.0,74942.0,75329.0,74709.0,933.39K,-0.21%
2021-10-18,74322.0,74555.0,75096.0,73548.0,1.59M,-0.52%
2021-10-19,74632.0,74400.0,74709.0,73703.0,1.07M,0.42%
2021-10-20,73548.0,74632.0,74864.0,72774.0,1.99M,-1.45%
2021-10-21,72774.0,73858.0,74322.0,72774.0,1.56M,-1.05%
2021-10-22,73006.0,73548.0,73548.0,72774.0,306.24K,0.32%
2021-10-25,72851.0,74245.0,74245.0,72851.0,1.02M,-0.21%
2021-10-26,72774.0,72851.0,73238.0,72464.0,806.43K,-0.11%
2021-10-27,74400.0,73238.0,74709.0,73006.0,1.82M,2.23%
2021-10-28,75793.0,74787.0,75793.0,74400.0,2.26M,1.87%
2021-10-29,75871.0,75329.0,76180.0,75019.0,1.61M,0.10%
2021-11-01,75096.0,75948.0,76025.0,75096.0,1.35M,-1.02%
2021-11-02,75793.0,75406.0,75871.0,75329.0,1.03M,0.93%
2021-11-03,76413.0,75638.0,76490.0,75329.0,2.34M,0.82%
2021-11-04,76180.0,76413.0,76490.0,75251.0,1.26M,-0.30%
2021-11-05,75484.0,75484.0,76645.0,75096.0,1.44M,-0.91%
2021-11-08,76025.0,75948.0,76180.0,75484.0,1.51M,0.72%
2021-11-09,75174.0,75871.0,76335.0,75096.0,1.76M,-1.12%
2021-11-10,75561.0,75174.0,76025.0,74942.0,1.09M,0.51%
2021-11-11,76103.0,75716.0,76877.0,75096.0,1.42M,0.72%
2021-11-12,76025.0,76103.0,76103.0,75484.0,784.49K,-0.10%
2021-11-15,75638.0,76103.0,76645.0,75251.0,978.31K,-0.51%
2021-11-16,75251.0,75638.0,76258.0,75096.0,901.24K,-0.51%
2021-11-17,75871.0,75251.0,75948.0,75251.0,1.01M,0.82%
2021-11-18,75096.0,76103.0,76103.0,75096.0,905.58K,-1.02%
2021-11-19,75174.0,75251.0,75793.0,75174.0,526.99K,0.10%
2021-11-22,76490.0,75329.0,76567.0,75174.0,1.30M,1.75%
2021-11-23,76722.0,76645.0,76722.0,76025.0,700.78K,0.30%
2021-11-24,81135.0,76800.0,81755.0,76800.0,2.40M,5.75%
2021-11-25,82916.0,81290.0,83613.0,80980.0,1.88M,2.20%
2021-11-26,81290.0,82606.0,83767.0,80516.0,1.12M,-1.96%
2021-11-29,78271.0,79974.0,81213.0,78193.0,1.09M,-3.71%
2021-11-30,76567.0,80516.0,80516.0,76567.0,1.71M,-2.18%
2021-12-01,76645.0,76955.0,78580.0,76103.0,703.71K,0.10%
2021-12-02,76722.0,77651.0,78038.0,76490.0,1.01M,0.10%
2021-12-03,75871.0,76800.0,78038.0,75484.0,1.02M,-1.11%
2021-12-06,73858.0,75871.0,77419.0,73858.0,1.29M,-2.65%
2021-12-07,76025.0,74400.0,76955.0,74400.0,1.05M,2.93%
2021-12-08,76413.0,75871.0,76955.0,75871.0,647.57K,0.51%
2021-12-09,76800.0,75406.0,76955.0,75329.0,1.03M,0.51%
2021-12-10,77419.0,78193.0,79587.0,77342.0,2.40M,0.81%
2021-12-13,77109.0,78967.0,78967.0,76800.0,1.32M,-0.40%
2021-12-14,76877.0,77109.0,77806.0,76722.0,1.10M,-0.30%
2021-12-15,77342.0,77032.0,77961.0,76645.0,934.42K,0.60%
2021-12-16,76722.0,78038.0,78038.0,75948.0,1.34M,-0.80%
2021-12-17,74709.0,77419.0,77419.0,74709.0,4.43M,-2.62%
2021-12-20,77032.0,76258.0,77032.0,75948.0,940.28K,3.11%
2021-12-21,76567.0,76645.0,77264.0,76258.0,987.75K,-0.60%
2021-12-22,76900.0,77000.0,77800.0,76600.0,1.92M,0.43%
2021-12-23,76500.0,77500.0,78900.0,76500.0,1.49M,-0.52%
2021-12-24,78500.0,76800.0,78500.0,76800.0,849.40K,2.61%
2021-12-27,79800.0,78900.0,80300.0,77900.0,934.10K,1.66%
2021-12-28,80000.0,80000.0,81000.0,78000.0,1.17M,0.25%
2021-12-29,79500.0,79500.0,79800.0,79100.0,440.00K,-0.63%
2021-12-30,78400.0,79800.0,79900.0,77700.0,920.30K,-1.38%
2021-12-31,78800.0,79000.0,79200.0,78400.0,422.00K,0.51%
2022-01-04,79000.0,79000.0,79400.0,78000.0,1.13M,0.25%
2022-01-05,78000.0,79000.0,80400.0,78000.0,1.60M,-1.27%
2022-01-06,79100.0,78600.0,79900.0,77900.0,1.22M,1.41%
2022-01-07,79800.0,79600.0,79900.0,78200.0,966.20K,0.88%
2022-01-10,79500.0,79700.0,79900.0,78500.0,1.10M,-0.38%
2022-01-11,79400.0,80000.0,80000.0,78500.0,952.70K,-0.13%
2022-01-12,80000.0,79400.0,80000.0,78000.0,1.80M,0.76%
2022-01-13,81900.0,80500.0,84400.0,80200.0,2.53M,2.38%
2022-01-14,83400.0,81900.0,83400.0,81000.0,1.52M,1.83%
2022-01-17,86200.0,83000.0,88000.0,82300.0,2.63M,3.36%
2022-01-18,87600.0,85500.0,87600.0,84000.0,1.70M,1.62%
2022-01-19,86800.0,87500.0,87500.0,85000.0,914.80K,-0.91%
2022-01-20,87100.0,85200.0,87500.0,83100.0,2.79M,0.35%
2022-01-21,89200.0,86900.0,90000.0,86100.0,2.50M,2.41%
2022-01-24,93000.0,89400.0,93500.0,88200.0,2.73M,4.26%
2022-01-25,95800.0,92500.0,96000.0,89000.0,2.40M,3.01%
2022-01-26,94500.0,95800.0,95800.0,92600.0,2.52M,-1.36%
2022-01-27,91000.0,93000.0,94500.0,90400.0,1.73M,-3.70%
2022-01-28,89000.0,91000.0,92000.0,89000.0,2.06M,-2.20%
2022-02-07,92400.0,90600.0,92900.0,89500.0,1.62M,3.82%
2022-02-08,92000.0,92400.0,92400.0,90100.0,1.15M,-0.43%
2022-02-09,90800.0,91200.0,91900.0,90300.0,1.58M,-1.30%
2022-02-10,91300.0,91100.0,93400.0,91000.0,1.83M,0.55%
2022-02-11,90000.0,91300.0,91600.0,90000.0,1.16M,-1.42%
2022-02-14,86000.0,88100.0,88800.0,86000.0,3.63M,-4.44%
2022-02-15,87000.0,86000.0,88300.0,83800.0,2.45M,1.16%
2022-02-16,87000.0,87500.0,87900.0,86400.0,1.29M,0.00%
2022-02-17,87500.0,87000.0,87700.0,86800.0,1.43M,0.57%
2022-02-18,87200.0,86400.0,87500.0,86400.0,1.07M,-0.34%
2022-02-21,87400.0,86600.0,87600.0,86600.0,1.02M,0.23%
2022-02-22,86800.0,87000.0,87000.0,85000.0,1.54M,-0.69%
2022-02-23,86900.0,87000.0,87000.0,85800.0,986.30K,0.12%
2022-02-24,85300.0,86700.0,86800.0,85000.0,2.08M,-1.84%
2022-02-25,85100.0,85300.0,85900.0,85000.0,1.62M,-0.23%
2022-02-28,84500.0,85100.0,85100.0,84400.0,1.32M,-0.71%
2022-03-01,85000.0,84500.0,85400.0,84100.0,1.30M,0.59%
2022-03-02,85000.0,85600.0,85600.0,84200.0,1.66M,0.00%
2022-03-03,85500.0,85000.0,85500.0,84700.0,1.05M,0.59%
2022-03-04,84900.0,85200.0,85500.0,84800.0,1.06M,-0.70%
2022-03-07,84900.0,84300.0,84900.0,83900.0,1.00M,0.00%
2022-03-08,81500.0,83800.0,84500.0,81500.0,2.94M,-4.00%
2022-03-09,83000.0,81800.0,83100.0,81700.0,1.33M,1.84%
2022-03-10,83500.0,83000.0,83700.0,82900.0,1.15M,0.60%
2022-03-11,83800.0,83700.0,83900.0,83000.0,876.10K,0.36%
2022-03-14,84200.0,83300.0,84200.0,83200.0,1.44M,0.48%
2022-03-15,81100.0,84000.0,84100.0,81000.0,2.39M,-3.68%
2022-03-16,82500.0,81300.0,83200.0,81300.0,1.00M,1.73%
2022-03-17,83000.0,83000.0,83500.0,82700.0,1.22M,0.61%
2022-03-18,84200.0,83100.0,85200.0,82900.0,1.41M,1.45%
2022-03-21,84900.0,84200.0,85500.0,84000.0,933.90K,0.83%
2022-03-22,84900.0,84900.0,85500.0,84900.0,775.10K,0.00%
2022-03-23,84900.0,84900.0,85600.0,84900.0,966.60K,0.00%
2022-03-24,83500.0,84900.0,84900.0,83500.0,570.20K,-1.65%
2022-03-25,82500.0,84000.0,84000.0,82000.0,1.14M,-1.20%
2022-03-28,82400.0,83000.0,83000.0,82000.0,725.40K,-0.12%
2022-03-29,81900.0,82400.0,83000.0,81600.0,1.02M,-0.61%
2022-03-30,82000.0,81800.0,83500.0,81500.0,913.90K,0.12%
2022-03-31,82100.0,82000.0,82600.0,82000.0,492.40K,0.12%
2022-04-01,82800.0,82100.0,83600.0,81100.0,900.30K,0.85%
2022-04-04,82600.0,83200.0,84100.0,82600.0,712.00K,-0.24%
2022-04-05,83000.0,82800.0,83200.0,82600.0,526.10K,0.48%
2022-04-06,84600.0,82900.0,85000.0,81700.0,2.01M,1.93%
2022-04-07,83000.0,84900.0,85200.0,83000.0,928.00K,-1.89%
2022-04-08,83000.0,83900.0,83900.0,82900.0,788.20K,0.00%
2022-04-12,82400.0,83000.0,83200.0,81600.0,841.30K,-0.72%
2022-04-13,82400.0,83000.0,83100.0,82000.0,850.70K,0.00%
2022-04-14,81000.0,82400.0,82900.0,81000.0,1.15M,-1.70%
2022-04-15,80200.0,81200.0,81500.0,80200.0,894.80K,-0.99%
2022-04-18,77700.0,80000.0,80200.0,77600.0,1.24M,-3.12%
2022-04-19,77700.0,77800.0,78500.0,77600.0,1.00M,0.00%
2022-04-20,78400.0,78000.0,78900.0,77700.0,904.60K,0.90%
2022-04-21,78400.0,78400.0,79200.0,78200.0,2.18M,0.00%
2022-04-22,82200.0,79100.0,82600.0,79100.0,2.78M,4.85%
2022-04-25,81800.0,82200.0,83000.0,77000.0,2.48M,-0.49%
2022-04-26,80500.0,79000.0,80500.0,79000.0,1.91M,-1.59%
2022-04-27,81500.0,79900.0,82000.0,78200.0,1.43M,1.24%
2022-04-28,81500.0,81500.0,81600.0,79500.0,564.10K,0.00%
2022-04-29,80900.0,81400.0,82300.0,80000.0,1.26M,-0.74%
2022-05-04,79900.0,80900.0,81000.0,79000.0,892.60K,-1.24%
2022-05-05,81000.0,80500.0,81500.0,79600.0,1.02M,1.38%
2022-05-06,79400.0,79700.0,81200.0,79400.0,775.90K,-1.98%
2022-05-09,77900.0,78800.0,80400.0,77800.0,1.67M,-1.89%
2022-05-10,80000.0,77100.0,80000.0,77100.0,926.00K,2.70%
2022-05-11,80000.0,80000.0,80300.0,79000.0,931.30K,0.00%
2022-05-12,77000.0,79000.0,79900.0,77000.0,972.30K,-3.75%
2022-05-13,73000.0,77000.0,78000.0,73000.0,1.96M,-5.19%
2022-05-16,74200.0,75500.0,76400.0,74000.0,1.56M,1.64%
2022-05-17,76000.0,74200.0,77000.0,73100.0,2.26M,2.43%
2022-05-18,75400.0,77000.0,77000.0,75000.0,881.00K,-0.79%
2022-05-19,76000.0,75000.0,76700.0,74800.0,575.80K,0.80%
2022-05-20,75300.0,75100.0,76500.0,75000.0,661.80K,-0.92%
2022-05-23,74400.0,75600.0,75600.0,73600.0,631.60K,-1.20%
2022-05-24,75600.0,74900.0,75700.0,74300.0,898.70K,1.61%
2022-05-25,77000.0,76000.0,77000.0,74800.0,817.00K,1.85%
2022-05-26,76700.0,77000.0,77100.0,76000.0,978.90K,-0.39%
2022-05-27,77400.0,76700.0,77400.0,76300.0,892.00K,0.91%
2022-05-30,78000.0,77400.0,81000.0,76400.0,1.33M,0.78%
2022-05-31,78900.0,78900.0,78900.0,78000.0,483.70K,1.15%
2022-06-01,80500.0,79000.0,80500.0,79000.0,798.80K,2.03%
2022-06-02,79000.0,80800.0,80800.0,79000.0,641.40K,-1.86%
2022-06-03,77500.0,78400.0,79500.0,76400.0,527.80K,-1.90%
2022-06-06,79700.0,77500.0,80000.0,75100.0,880.50K,2.84%
2022-06-07,81000.0,79000.0,82000.0,78100.0,933.00K,1.63%
2022-06-08,79200.0,81000.0,81000.0,78800.0,1.16M,-2.22%
2022-06-09,77800.0,79000.0,79900.0,77700.0,1.07M,-1.77%
2022-06-10,77700.0,77800.0,79000.0,77400.0,390.90K,-0.13%
2022-06-13,76400.0,77000.0,77000.0,74100.0,1.11M,-1.67%
2022-06-14,77000.0,75500.0,78100.0,74000.0,1.07M,0.79%
2022-06-15,76500.0,77400.0,78300.0,75300.0,1.24M,-0.65%
2022-06-16,79100.0,76700.0,80000.0,76500.0,1.21M,3.40%
2022-06-17,76100.0,77000.0,78300.0,76100.0,1.05M,-3.79%
2022-06-20,76000.0,79500.0,79500.0,75300.0,1.09M,-0.13%
2022-06-21,77700.0,76000.0,77700.0,75200.0,937.10K,2.24%
2022-06-22,76000.0,77900.0,78000.0,75000.0,1.07M,-2.19%
2022-06-23,75900.0,75100.0,76700.0,74900.0,590.20K,-0.13%
2022-06-24,75000.0,76200.0,76300.0,74600.0,648.60K,-1.19%
2022-06-27,74900.0,75500.0,76000.0,74800.0,862.50K,-0.13%
2022-06-28,76300.0,75000.0,77000.0,74800.0,1.10M,1.87%
2022-06-29,75500.0,75800.0,75900.0,75300.0,847.50K,-1.05%
2022-06-30,74800.0,75500.0,76000.0,74800.0,678.40K,-0.93%
2022-07-01,74000.0,74500.0,75000.0,72900.0,1.38M,-1.07%
2022-07-04,74100.0,74900.0,75200.0,73900.0,746.20K,0.14%
2022-07-05,74000.0,74900.0,74900.0,73600.0,1.06M,-0.13%
2022-07-06,72800.0,73700.0,73900.0,68900.0,1.55M,-1.62%
2022-07-07,75500.0,72700.0,75500.0,71700.0,1.26M,3.71%
2022-07-08,74000.0,74900.0,75000.0,73900.0,761.00K,-1.99%
2022-07-11,72000.0,73300.0,73500.0,72000.0,660.80K,-2.70%
2022-07-12,71900.0,72100.0,72600.0,71700.0,811.50K,-0.14%
2022-07-13,71800.0,71800.0,73400.0,71400.0,1.38M,-0.14%
2022-07-14,72400.0,71800.0,72800.0,71600.0,329.40K,0.84%
2022-07-15,72300.0,72100.0,73500.0,72100.0,597.50K,-0.14%
2022-07-18,72000.0,72500.0,72900.0,72000.0,391.40K,-0.41%
2022-07-19,71300.0,72000.0,72100.0,71100.0,812.10K,-0.97%
2022-07-20,72500.0,71600.0,72500.0,71600.0,544.90K,1.68%
2022-07-21,72500.0,72500.0,72900.0,72100.0,1.16M,0.00%
2022-07-22,72500.0,72100.0,72700.0,72000.0,1.01M,0.00%
2022-07-25,72900.0,72400.0,73200.0,72000.0,962.70K,0.55%
2022-07-26,73900.0,73200.0,74400.0,73200.0,1.12M,1.37%
2022-07-27,75000.0,74000.0,75000.0,73700.0,1.26M,1.49%
2022-07-28,75300.0,75400.0,75600.0,74800.0,1.16M,0.40%
2022-07-29,74700.0,75400.0,75500.0,74700.0,1.18M,-0.80%
2022-08-01,77000.0,74700.0,77000.0,74400.0,1.58M,3.08%
2022-08-02,78900.0,77000.0,79200.0,76000.0,1.78M,2.47%
2022-08-03,79500.0,78300.0,79500.0,78000.0,1.01M,0.76%
2022-08-04,82500.0,79500.0,82500.0,79400.0,2.26M,3.77%
2022-08-05,82000.0,82000.0,82400.0,81100.0,1.40M,-0.61%
2022-08-08,82000.0,82000.0,82500.0,81900.0,915.00K,0.00%
2022-08-09,80800.0,82000.0,82000.0,79900.0,1.22M,-1.46%
2022-08-10,80500.0,80100.0,81000.0,80100.0,507.50K,-0.37%
2022-08-11,81500.0,81300.0,82000.0,80600.0,1.17M,1.24%
2022-08-12,81600.0,81500.0,81900.0,80900.0,1.25M,0.12%
2022-08-15,81800.0,82000.0,82300.0,81700.0,1.26M,0.25%
2022-08-16,81500.0,82000.0,82000.0,81100.0,687.10K,-0.37%
2022-08-17,81500.0,81200.0,81700.0,81200.0,764.00K,0.00%
2022-08-18,81500.0,81300.0,82000.0,81200.0,1.57M,0.00%
2022-08-19,80900.0,80600.0,82000.0,80600.0,1.15M,-0.74%
2022-08-22,80000.0,80100.0,81500.0,80000.0,525.80K,-1.11%
2022-08-23,80200.0,80000.0,81300.0,79900.0,648.00K,0.25%
2022-08-24,82000.0,81200.0,82900.0,80300.0,1.08M,2.24%
2022-08-25,82000.0,82200.0,82200.0,81300.0,538.80K,0.00%
2022-08-26,82500.0,82000.0,83700.0,82000.0,1.56M,0.61%
2022-08-29,82500.0,81400.0,82500.0,80900.0,951.50K,0.00%
2022-08-30,86000.0,82500.0,86000.0,82500.0,2.50M,4.24%
2022-08-31,84000.0,86000.0,86500.0,84000.0,1.06M,-2.33%
2022-09-05,82600.0,84000.0,84300.0,82500.0,1.55M,-1.67%
2022-09-06,82700.0,82600.0,84000.0,82100.0,1.03M,0.12%
2022-09-07,80000.0,82000.0,82500.0,79800.0,2.29M,-3.26%
2022-09-08,78000.0,80900.0,80900.0,78000.0,1.07M,-2.50%
2022-09-09,78800.0,78500.0,79300.0,78200.0,1.03M,1.03%
2022-09-12,79100.0,79600.0,79700.0,78800.0,700.80K,0.38%
2022-09-13,78600.0,79400.0,79400.0,78600.0,1.19M,-0.63%
2022-09-14,78300.0,77200.0,79500.0,77000.0,1.09M,-0.38%
2022-09-15,79200.0,78500.0,79300.0,78100.0,611.90K,1.15%
2022-09-16,80000.0,79300.0,80000.0,78500.0,1.52M,1.01%
2022-09-19,78800.0,79000.0,80200.0,78000.0,938.50K,-1.50%
2022-09-20,79200.0,78800.0,80000.0,78600.0,521.20K,0.51%
2022-09-21,78900.0,79300.0,79600.0,77900.0,499.20K,-0.38%
2022-09-22,78000.0,77700.0,78600.0,77500.0,1.18M,-1.14%
2022-09-23,75900.0,77200.0,77700.0,75800.0,1.03M,-2.69%
2022-09-26,75000.0,75100.0,77000.0,74100.0,1.26M,-1.19%
2022-09-27,74300.0,76000.0,76000.0,74200.0,653.40K,-0.93%
2022-09-28,75000.0,74000.0,75000.0,73800.0,587.70K,0.94%
2022-09-29,74000.0,76000.0,76000.0,74000.0,587.80K,-1.33%
2022-09-30,73200.0,73200.0,74300.0,72400.0,1.26M,-1.08%
2022-10-03,70600.0,73500.0,73800.0,70300.0,894.90K,-3.55%
2022-10-04,71300.0,70000.0,71900.0,69500.0,1.28M,0.99%
2022-10-05,71500.0,71400.0,72000.0,71100.0,835.00K,0.28%
2022-10-06,70100.0,72000.0,72000.0,69900.0,751.50K,-1.96%
2022-10-07,66700.0,69600.0,69600.0,65300.0,2.11M,-4.85%
2022-10-10,65100.0,66500.0,67700.0,64100.0,1.32M,-2.40%
2022-10-11,62000.0,65300.0,66000.0,62000.0,1.16M,-4.76%
2022-10-12,64000.0,63000.0,65300.0,62200.0,1.52M,3.23%
2022-10-13,66500.0,64100.0,66500.0,62700.0,1.60M,3.91%
2022-10-14,68100.0,68500.0,68500.0,67300.0,1.60M,2.41%
2022-10-17,66300.0,67300.0,68000.0,65500.0,1.24M,-2.64%
2022-10-18,67700.0,68000.0,68000.0,67300.0,885.00K,2.11%
2022-10-19,67900.0,67900.0,68000.0,67300.0,627.40K,0.30%
2022-10-20,69200.0,67900.0,70000.0,67100.0,1.52M,1.91%
2022-10-21,68000.0,69200.0,70700.0,68000.0,1.28M,-1.73%
2022-10-24,68000.0,69500.0,69500.0,65800.0,670.10K,0.00%
2022-10-25,69900.0,66000.0,70600.0,66000.0,1.54M,2.79%
2022-10-26,70000.0,70600.0,70600.0,68500.0,591.40K,0.14%
2022-10-27,71700.0,70500.0,72900.0,69300.0,1.30M,2.43%
2022-10-28,71600.0,72500.0,74500.0,71600.0,1.56M,-0.14%
2022-10-31,73500.0,73500.0,73500.0,72500.0,659.40K,2.65%
2022-11-01,75000.0,74000.0,75000.0,73300.0,826.10K,2.04%
2022-11-02,73600.0,74000.0,74500.0,72000.0,1.26M,-1.87%
2022-11-03,73000.0,72000.0,73400.0,72000.0,726.60K,-0.82%
2022-11-04,71800.0,71500.0,72500.0,68900.0,1.54M,-1.64%
2022-11-07,71800.0,71800.0,73000.0,71100.0,1.23M,0.00%
2022-11-08,72600.0,72000.0,75000.0,71600.0,1.66M,1.11%
2022-11-09,74000.0,73500.0,74200.0,72600.0,1.21M,1.93%
2022-11-10,72800.0,73900.0,73900.0,71600.0,958.50K,-1.62%
2022-11-11,75500.0,73000.0,75500.0,73000.0,1.31M,3.71%
2022-11-14,75100.0,75500.0,76500.0,74100.0,1.54M,-0.53%
2022-11-15,75000.0,74400.0,76400.0,72100.0,1.58M,-0.13%
2022-11-16,75100.0,70300.0,78000.0,70300.0,2.35M,0.13%
2022-11-17,76500.0,76100.0,76600.0,75500.0,1.65M,1.86%
2022-11-18,76500.0,75900.0,76900.0,73600.0,1.56M,0.00%
2022-11-21,75000.0,76500.0,76500.0,75000.0,1.11M,-1.96%
2022-11-22,73500.0,74500.0,76000.0,72500.0,1.94M,-2.00%
2022-11-23,73500.0,73000.0,73500.0,72400.0,794.20K,0.00%
2022-11-24,73000.0,73500.0,74000.0,72500.0,1.08M,-0.68%
2022-11-25,73100.0,73100.0,73600.0,72800.0,1.68M,0.14%
2022-11-28,76700.0,74500.0,77000.0,73800.0,1.34M,4.92%
2022-11-29,79800.0,76000.0,79800.0,76000.0,1.71M,4.04%
2022-11-30,81000.0,80300.0,81000.0,77000.0,1.32M,1.50%
2022-12-01,80000.0,80900.0,81400.0,79200.0,1.18M,-1.23%
2022-12-02,85000.0,79900.0,85000.0,79300.0,1.24M,6.25%
2022-12-05,85000.0,84100.0,87000.0,82500.0,1.66M,0.00%
2022-12-06,80000.0,85000.0,85200.0,80000.0,1.31M,-5.88%
2022-12-07,78500.0,80000.0,82000.0,78000.0,1.46M,-1.88%
2022-12-08,77000.0,79000.0,81000.0,77000.0,2.11M,-1.91%
2022-12-09,77300.0,78400.0,79200.0,77100.0,1.68M,0.39%
2022-12-12,77400.0,78800.0,80500.0,77400.0,2.11M,0.13%
2022-12-13,78200.0,78100.0,79300.0,77900.0,2.23M,1.03%
2022-12-14,78800.0,79700.0,79700.0,78500.0,1.08M,0.77%
2022-12-15,79500.0,78800.0,80700.0,78600.0,1.25M,0.89%
2022-12-16,79700.0,79500.0,82900.0,78900.0,3.16M,0.25%
2022-12-19,79200.0,80000.0,81000.0,79000.0,757.50K,-0.63%
2022-12-20,79000.0,79700.0,82000.0,79000.0,1.42M,-0.25%
2022-12-21,78700.0,81400.0,81400.0,78700.0,962.00K,-0.38%
2022-12-22,79300.0,79500.0,81100.0,79300.0,1.07M,0.76%
2022-12-23,79100.0,80200.0,81200.0,79100.0,1.08M,-0.25%
2022-12-26,78900.0,79200.0,80800.0,78900.0,1.20M,-0.25%
2022-12-27,79100.0,80200.0,80500.0,78900.0,1.06M,0.25%
2022-12-28,80000.0,80400.0,82000.0,79500.0,1.17M,1.14%
2022-12-29,80700.0,82300.0,82500.0,80500.0,1.24M,0.88%
2022-12-30,80000.0,82900.0,83100.0,80000.0,1.51M,-0.87%
2023-01-03,82600.0,80200.0,82600.0,80200.0,1.09M,3.25%
2023-01-04,82800.0,82900.0,82900.0,81800.0,837.90K,0.24%
2023-01-05,84000.0,82800.0,84000.0,82500.0,1.08M,1.45%
2023-01-06,84000.0,84000.0,84800.0,83900.0,1.13M,0.00%
2023-01-09,86900.0,85800.0,86900.0,84800.0,1.67M,3.45%
2023-01-10,87300.0,86200.0,89900.0,86200.0,2.11M,0.46%
2023-01-11,85100.0,87300.0,87300.0,85100.0,983.00K,-2.52%
2023-01-12,84800.0,85200.0,85200.0,83800.0,1.88M,-0.35%
2023-01-13,85800.0,85200.0,86500.0,85200.0,822.00K,1.18%
2023-01-16,87300.0,86000.0,88500.0,86000.0,735.20K,1.75%
2023-01-17,89400.0,88500.0,89400.0,87300.0,644.60K,2.41%
2023-01-18,90000.0,90000.0,91000.0,89400.0,834.00K,0.67%
2023-01-19,93000.0,89500.0,96000.0,87500.0,1.72M,3.33%
2023-01-27,93000.0,93000.0,94600.0,91500.0,1.55M,0.00%
2023-01-30,89900.0,92100.0,92500.0,89800.0,1.05M,-3.33%
2023-01-31,91900.0,89900.0,91900.0,87800.0,1.45M,2.22%
2023-02-01,89100.0,92000.0,92500.0,89100.0,1.14M,-3.05%
2023-02-02,90600.0,88600.0,92000.0,88600.0,984.60K,1.68%
2023-02-03,93000.0,90300.0,93000.0,89100.0,893.40K,2.65%
2023-02-06,96000.0,92600.0,96300.0,91500.0,1.15M,3.23%
2023-02-07,92000.0,95300.0,95500.0,92000.0,1.20M,-4.17%
2023-02-08,94200.0,92100.0,96200.0,92100.0,884.80K,2.39%
2023-02-09,93000.0,93800.0,95000.0,93000.0,759.40K,-1.27%
2023-02-10,94500.0,94500.0,94500.0,92800.0,647.70K,1.61%
2023-02-13,93500.0,94800.0,95400.0,92000.0,872.70K,-1.06%
2023-02-14,92500.0,93500.0,93500.0,91200.0,1.14M,-1.07%
2023-02-15,93000.0,92500.0,94200.0,91200.0,899.30K,0.54%
2023-02-16,92400.0,93000.0,94000.0,92200.0,776.60K,-0.65%
2023-02-17,93000.0,93000.0,93300.0,92000.0,918.90K,0.65%
2023-02-20,93800.0,93000.0,94500.0,93000.0,1.10M,0.86%
2023-02-21,94200.0,94200.0,94900.0,94000.0,675.50K,0.43%
2023-02-22,93000.0,94200.0,94300.0,92500.0,1.03M,-1.27%
2023-02-23,93300.0,93000.0,94000.0,91200.0,1.03M,0.32%
2023-02-24,93500.0,93000.0,94000.0,90000.0,631.40K,0.21%
2023-02-27,92800.0,93000.0,93500.0,91700.0,501.00K,-0.75%
2023-02-28,93500.0,93100.0,93700.0,92600.0,565.80K,0.75%
2023-03-01,93000.0,92300.0,93400.0,92200.0,729.70K,-0.53%
2023-03-02,93200.0,93000.0,93800.0,91800.0,984.70K,0.22%
2023-03-03,90900.0,91800.0,92800.0,90900.0,798.60K,-2.47%
2023-03-06,91000.0,91000.0,92200.0,91000.0,711.90K,0.11%
2023-03-07,91900.0,91500.0,92500.0,91100.0,970.30K,0.99%
2023-03-08,92200.0,91000.0,92200.0,90700.0,871.90K,0.33%
2023-03-09,93000.0,92000.0,93400.0,91700.0,1.10M,0.87%
2023-03-10,92100.0,92200.0,92500.0,91500.0,707.80K,-0.97%
2023-03-13,91500.0,92000.0,92000.0,90800.0,759.20K,-0.65%
2023-03-14,91000.0,91000.0,91200.0,90500.0,863.70K,-0.55%
2023-03-15,91400.0,91600.0,92000.0,91100.0,807.80K,0.44%
2023-03-16,91000.0,91000.0,92000.0,89500.0,806.00K,-0.44%
2023-03-17,89000.0,91000.0,91100.0,89000.0,2.27M,-2.20%
2023-03-20,85100.0,89000.0,89500.0,85100.0,1.03M,-4.38%
2023-03-21,86500.0,85400.0,89900.0,85400.0,1.06M,1.65%
2023-03-22,89000.0,86600.0,89900.0,86600.0,1.06M,2.89%
2023-03-23,90700.0,88800.0,90700.0,87300.0,849.50K,1.91%
2023-03-24,89000.0,91000.0,91000.0,88900.0,630.00K,-1.87%
2023-03-27,91000.0,89000.0,91000.0,88000.0,730.10K,2.25%
2023-03-28,91800.0,90800.0,92900.0,90100.0,845.80K,0.88%
2023-03-29,92300.0,92500.0,92500.0,90500.0,422.80K,0.54%
2023-03-30,92700.0,92300.0,93200.0,92000.0,409.70K,0.43%
2023-03-31,91400.0,92800.0,93200.0,90500.0,950.60K,-1.40%
